accepted.taxa.name,min_nu.biovol,mn_nu.biovol,mdn_nu.biovol,max_nu.biovol,sd_nu.biovol,n,mn_cells.per.nu,n_sources,w.tsn,level,kingdom,subkingdom,infrakingdom,division,subdivision,phylum,class,subclass,order,family,genus
Acanthoceras,2.820857989,4.023922265,4.113039767,4.181843588,0.209480897,196,NA,1,590865,Genus,Chromista,Chromista,NA,Bacillariophyta,NA,NA,Coscinodiscophyceae,NA,Chaetocerotales,Acanthocerataceae,Acanthoceras
Achnanthes,0.698970004,2.013051105,1.998043086,3.711385379,0.430674229,2146,1,7,3429,Genus,Chromista,Chromista,NA,Bacillariophyta,NA,NA,Bacillariophyceae,NA,Achnanthales,Achnanthaceae,Achnanthes
Achnanthidium,0.720159303,1.647108163,1.694605199,3.033021445,0.356364382,3560,1.01875,5,590864,Genus,Chromista,Chromista,NA,Bacillariophyta,NA,NA,Bacillariophyceae,NA,Achnanthales,Achnanthidiaceae,Achnanthidium
Actinastrum,0.829303773,1.873231568,1.772321707,3.72427587,0.641205939,166,3.937362637,7,6098,Genus,Plantae,Viridaeplantae,Chlorophyta,Chlorophyta,Chlorophytina,NA,Chlorophyceae,NA,Sphaeropleales,Scenedesmaceae,Actinastrum
Actinella,2.488550717,3.404071254,3.397940009,4.350248018,0.537527718,7,NA,2,3417,Genus,Chromista,Chromista,NA,Bacillariophyta,NA,NA,Bacillariophyceae,NA,Eunotiales,Eunotiaceae,Actinella
Actinocyclus,3.065206128,3.683883503,3.724357804,4.262967389,0.214485201,122,1,4,2655,Genus,Chromista,Chromista,NA,Bacillariophyta,NA,NA,Coscinodiscophyceae,NA,Coscinodiscales,Hemidiscaceae,Actinocyclus
Actinoptychus,2.548303411,3.480786733,3.64630173,4.025423846,0.518778493,20,1,2,2618,Genus,Chromista,Chromista,NA,Bacillariophyta,NA,NA,Coscinodiscophyceae,NA,Coscinodiscales,Heliopeltaceae,Actinoptychus
Actinotaenium,3.352568386,3.777994643,3.719828286,4.235124264,0.322974526,5,NA,1,8779,Genus,Plantae,Viridaeplantae,Streptophyta,Charophyta,Conjugophytina,NA,Conjugophyceae,NA,Zygnematales,Desmidiaceae,Actinotaenium
Agmenellum,1.505149978,1.908436278,1.914651886,2.283301229,0.199702049,14,1,1,605,Genus,Monera,NA,NA,NA,NA,Cyanophycota,Cyanophyceae,NA,Chroococcales,Chroococcaceae,Agmenellum
Alexandrium,2.815212362,3.483757232,3.484816414,4.013089717,0.316523768,108,1,1,183929,Genus,Chromista,Chromista,NA,Pyrrophycophyta,NA,NA,Dinophyceae,NA,Gonyaulacales,Goniodomataceae,Alexandrium
Amphicampa,2.505149978,2.515744628,2.515744628,2.526339277,0.014983097,2,1,1,3425,Genus,Chromista,Chromista,NA,Bacillariophyta,NA,NA,Bacillariophyceae,NA,Eunotiales,Eunotiaceae,Amphicampa
Amphidinium,1.728028954,2.5300695,2.662757832,3.400239856,0.39430227,61,1,3,9997,Genus,Chromista,Chromista,NA,Pyrrophycophyta,NA,NA,Dinophyceae,NA,Gymnodiniales,Gymnodiniaceae,Amphidinium
Amphipleura,2.225309282,2.728841791,2.696356389,3.395326393,0.286830719,107,1,2,4575,Genus,Chromista,Chromista,NA,Bacillariophyta,NA,NA,Bacillariophyceae,NA,Naviculales,Amphipleuraceae,Amphipleura
Amphiprora,3.377147734,3.745475776,3.756540899,4.102524603,0.205459367,20,1,1,4674,Genus,Chromista,Chromista,NA,Bacillariophyta,NA,NA,Bacillariophyceae,NA,Naviculales,Naviculaceae,Amphiprora
Amphora,0.653212514,2.026652618,1.975431809,4.503450193,0.54667139,2438,1,7,4705,Genus,Chromista,Chromista,NA,Bacillariophyta,NA,NA,Bacillariophyceae,NA,Thalassiophysales,Catenulaceae,Amphora
Anabaena,0.561101384,2.854271444,3.012171321,4.278690738,0.575830674,4292,11.22409273,7,1100,Genus,Monera,NA,NA,NA,NA,Cyanophycota,Cyanophyceae,NA,Nostocales,Nostocaceae,Anabaena
Anabaenopsis,1.247973266,1.994927914,2.11058971,3.458380368,0.524598747,25,15,4,1182,Genus,Monera,NA,NA,NA,NA,Cyanophycota,Cyanophyceae,NA,Nostocales,Nostocaceae,Anabaenopsis
Anacystis,2.581505926,3.345769531,3.247052175,4.678415939,0.609311265,10,1,1,609,Genus,Monera,NA,NA,NA,NA,Cyanophycota,Cyanophyceae,NA,Chroococcales,Chroococcaceae,Anacystis
Aneumastus,2.361727836,2.361727836,2.361727836,2.361727836,NA,1,NA,1,590857,Genus,Chromista,Chromista,NA,Bacillariophyta,NA,NA,Bacillariophyceae,NA,Mastogloiales,Mastogloiaceae,Aneumastus
Ankistrodesmus,0.689308859,1.883044167,1.907900465,3.024990588,0.520199298,1138,1.134298441,7,5877,Genus,Plantae,Viridaeplantae,Chlorophyta,Chlorophyta,Chlorophytina,NA,Trebouxiophyceae,NA,Oocystales,Oocystaceae,Ankistrodesmus
Ankyra,1.538965565,1.962434509,1.954202922,2.498310554,0.191470362,1121,NA,1,5788,Genus,Plantae,Viridaeplantae,Chlorophyta,Chlorophyta,Chlorophytina,NA,Chlorophyceae,NA,Sphaeropleales,Characiaceae,Ankyra
Anomoeoneis,2.727541257,3.867830031,3.976899951,4.578627751,0.684462146,5,NA,1,590825,Genus,Chromista,Chromista,NA,Bacillariophyta,NA,NA,Bacillariophyceae,NA,Cymbellales,Anomoeoneidaceae,Anomoeoneis
Anorthoneis,2.956648579,3.030781781,3.040206628,3.076640444,0.044343071,5,NA,1,3624,Genus,Chromista,Chromista,NA,Bacillariophyta,NA,NA,Bacillariophyceae,NA,Achnanthales,Cocconeidaceae,Anorthoneis
Aphanizomenon,1.80009818,3.013201791,3.082981297,3.854609638,0.333504119,1567,19.51415207,7,1191,Genus,Monera,NA,NA,NA,NA,Cyanophycota,Cyanophyceae,NA,Nostocales,Nostocaceae,Aphanizomenon
Aphanocapsa,-0.053547735,1.676736892,1.743352951,3.278181785,0.764349818,1061,38.76621431,6,625,Genus,Monera,NA,NA,NA,NA,Cyanophycota,Cyanophyceae,NA,Chroococcales,Chroococcaceae,Aphanocapsa
Aphanochaete,1.950364854,2.893168958,3.078819183,3.591621038,0.666175258,5,NA,1,6701,Genus,Plantae,Viridaeplantae,Chlorophyta,Chlorophyta,Chlorophytina,NA,Chlorophyceae,NA,Chaetophorales,Chaetophoraceae,Aphanochaete
Aphanothece,0.195899652,1.935423551,1.897627091,3.201397124,0.549039027,1079,40.41133704,7,636,Genus,Monera,NA,NA,NA,NA,Cyanophycota,Cyanophyceae,NA,Chroococcales,Chroococcaceae,Aphanothece
Arthrodesmus,2.35305024,2.720242615,2.689708333,3.182605791,0.236451301,63,1.045762712,2,8276,Genus,Plantae,Viridaeplantae,Streptophyta,Charophyta,Conjugophytina,NA,Conjugophyceae,NA,Zygnematales,Desmidiaceae,Arthrodesmus
Asterionella,1.903089987,2.621536363,2.730378469,3.362482475,0.316793273,3296,1.160930383,7,3116,Genus,Chromista,Chromista,NA,Bacillariophyta,NA,NA,Fragilariophyceae,NA,Fragilariales,Fragilariaceae,Asterionella
Asterococcus,2.718998643,2.721091655,2.721091655,2.723184667,0.002959966,2,1,2,9178,Genus,Plantae,Viridaeplantae,Chlorophyta,Chlorophyta,Chlorophytina,NA,Chlorophyceae,NA,Tetrasporales,Palmellopsidaceae,Asterococcus
Attheya,2.662757832,2.662757832,2.662757832,2.662757832,NA,1,1,1,2876,Genus,Chromista,Chromista,NA,Bacillariophyta,NA,NA,Coscinodiscophyceae,NA,Chaetocerotales,Attheyaceae,Attheya
Aulacoseira,1.627365857,2.729859917,2.653044977,4.150142162,0.481259083,6192,1.214724428,7,590863,Genus,Chromista,Chromista,NA,Bacillariophyta,NA,NA,Coscinodiscophyceae,NA,Aulacoseirales,Aulacoseiraceae,Aulacoseira
Bacillaria,2.306710174,3.143575148,3.138302698,3.880813592,0.347905165,439,1,3,5300,Genus,Chromista,Chromista,NA,Bacillariophyta,NA,NA,Bacillariophyceae,NA,Bacillariales,Bacillariaceae,Bacillaria
Bambusina,3.449092531,3.557935334,3.567584015,3.647480773,0.088258862,4,NA,2,8836,Genus,Plantae,Viridaeplantae,Streptophyta,Charophyta,Conjugophytina,NA,Conjugophyceae,NA,Zygnematales,Desmidiaceae,Bambusina
Bangia,2.761160759,2.761160759,2.761160759,2.761160759,0,5,1,1,11531,Genus,Plantae,Biliphyta,NA,Rhodophyta,Rhodophytina,NA,Bangiophyceae,NA,Bangiales,Bangiaceae,Bangia
Batrachospermum,0.807535028,2.065078972,1.519827994,4.127266818,1.172734462,41,NA,1,11665,Genus,Plantae,Biliphyta,NA,Rhodophyta,Rhodophytina,NA,Florideophyceae,NA,Batrachospermales,Batrachospermaceae,Batrachospermum
Bernardinium,3.278181785,3.628047998,3.627952695,3.977723605,0.382841752,6,NA,1,10117,Genus,Chromista,Chromista,NA,Pyrrophycophyta,NA,NA,Dinophyceae,NA,Gymnodiniales,Gymnodiniaceae,Bernardinium
Biddulphia,4.162566796,5.150639606,5.255643644,5.941943883,0.536807132,36,1,1,2678,Genus,Chromista,Chromista,NA,Bacillariophyta,NA,NA,Coscinodiscophyceae,NA,Biddulphiales,Biddulphiaceae,Biddulphia
Binuclearia,3.255754787,3.255754787,3.255754787,3.255754787,NA,1,NA,1,6460,Genus,Plantae,Viridaeplantae,Chlorophyta,Chlorophyta,Chlorophytina,NA,Ulvophyceae,NA,Ulotrichales,Ulotrichaceae,Binuclearia
Bodo,0.998772601,1.001783345,1.000939326,1.006482128,0.003296663,4,NA,1,43817,Genus,Protozoa,NA,NA,NA,NA,Sarcomastigophora,Zoomastigophora,NA,Kinetoplastida,Bodinidae,Bodo
Borzia,1.214843848,1.480332934,1.438498396,1.770115295,0.214539054,8,NA,1,1097,Genus,Monera,NA,NA,NA,NA,Cyanophycota,Cyanophyceae,NA,Nostocales,Oscillatoriaceae,Borzia
Botryococcus,1.149219113,3.356604979,3.484299839,4.052361458,0.34806054,1259,79.16666667,3,6306,Genus,Plantae,Viridaeplantae,Chlorophyta,Chlorophyta,Chlorophytina,NA,Chlorophyceae,NA,Chlorococcales,Dictyosphaeriaceae,Botryococcus
Brachysira,1.193124598,2.232538547,2.278753601,3.748188027,0.393714038,493,1.058823529,4,590866,Genus,Chromista,Chromista,NA,Bacillariophyta,NA,NA,Bacillariophyceae,NA,Naviculales,Brachysiraceae,Brachysira
Bulbochaete,2.638489257,3.384325967,3.257678575,4.215187969,0.398972745,25,NA,1,9115,Genus,Plantae,Viridaeplantae,Chlorophyta,Chlorophyta,Chlorophytina,NA,Chlorophyceae,NA,Oedogoniales,Oedogoniaceae,Bulbochaete
Caloneis,1.281033367,2.826843116,2.819543936,4.143451999,0.333747872,356,1,3,4369,Genus,Chromista,Chromista,NA,Bacillariophyta,NA,NA,Bacillariophyceae,NA,Naviculales,Pinnulariaceae,Caloneis
Calothrix,-0.102372909,1.662203545,1.820857989,3.265053789,0.712837527,411,NA,1,1243,Genus,Monera,NA,NA,NA,NA,Cyanophycota,Cyanophyceae,NA,Nostocales,Rivulariaceae,Calothrix
Campylodiscus,3.895089791,4.747468701,4.678940434,5.782346295,0.627900032,6,1,2,5401,Genus,Chromista,Chromista,NA,Bacillariophyta,NA,NA,Bacillariophyceae,NA,Surirellales,Surirellaceae,Campylodiscus
Capartogramma,1.285557309,2.163571141,1.740362689,3.205204364,0.665141732,15,NA,1,555623,Genus,Chromista,Chromista,NA,Bacillariophyta,NA,NA,Bacillariophyceae,NA,Naviculales,Naviculaceae,Capartogramma
Carteria,1.894869657,2.440445937,2.362472412,3.410345254,0.326546203,708,1,6,5429,Genus,Plantae,Viridaeplantae,Chlorophyta,Chlorophyta,Chlorophytina,NA,Chlorophyceae,NA,Volvocales,Chlamydomonadaceae,Carteria
Cavinula,1.056904851,2.606176017,2.750508395,3.547918626,0.542719276,71,1,2,590861,Genus,Chromista,Chromista,NA,Bacillariophyta,NA,NA,Bacillariophyceae,NA,Naviculales,Cavinulaceae,Cavinula
Ceratium,3.643452676,4.250534603,4.397940009,5.167870929,0.291793148,1362,1,7,10397,Genus,Chromista,Chromista,NA,Pyrrophycophyta,NA,NA,Dinophyceae,NA,Gonyaulacales,Ceratiaceae,Ceratium
Chaetoceros,2.187125728,4.008721177,4.425028554,4.599457298,1.021322861,5,1,2,2758,Genus,Chromista,Chromista,NA,Bacillariophyta,NA,NA,Coscinodiscophyceae,NA,Chaetocerotales,Chaetocerotaceae,Chaetoceros
Chaetophora,0.973127854,1.25609844,1.326335861,1.547774705,0.23116056,32,NA,1,6683,Genus,Plantae,Viridaeplantae,Chlorophyta,Chlorophyta,Chlorophytina,NA,Chlorophyceae,NA,Chaetophorales,Chaetophoraceae,Chaetophora
Chaetosphaeridium,2.190331698,2.391583662,2.432969291,2.551449998,0.184082004,3,NA,1,9369,Genus,Plantae,Viridaeplantae,Streptophyta,Charophyta,Mesostigmatophytina,NA,Mesostigmatophyceae,NA,Chaetosphaeridiales,Chaetosphaeridiaceae,Chaetosphaeridium
Chamaepinnularia,0.274157849,1.589870577,1.673020907,2.419955748,0.403852437,132,NA,1,590860,Genus,Chromista,Chromista,NA,Bacillariophyta,NA,NA,Bacillariophyceae,NA,Naviculales,Naviculaceae,Chamaepinnularia
Chamaesiphon,-0.30980392,1.43602155,1.662633624,2.675778342,0.794560283,148,NA,1,847,Genus,Monera,NA,NA,NA,NA,Cyanophycota,Cyanophyceae,NA,Chamaesiphonales,Chamaesiphonaceae,Chamaesiphon
Characiopsis,2.37675071,3.331843033,3.632282122,3.770740847,0.588605731,5,1,2,1979,Genus,Chromista,Chromista,NA,Xanthophyta,NA,NA,Xanthophyceae,NA,Mischococcales,Characiopsidaceae,Characiopsis
Characium,1.212187604,2.243200083,2.217483944,3.254789687,0.514686404,81,1,4,5756,Genus,Plantae,Viridaeplantae,Chlorophyta,Chlorophyta,Chlorophytina,NA,Chlorophyceae,NA,Sphaeropleales,Characiaceae,Characium
Chilomonas,2.812646605,3.063787371,3.041341968,3.50242712,0.111817492,58,NA,1,10610,Genus,Chromista,Chromista,NA,Cryptophycophyta,NA,NA,Cryptophyceae,NA,Cryptomonadales,Cryptomonadaceae,Chilomonas
Chlamydomonas,0.77815125,2.23795518,2.177132317,3.192257929,0.348504973,4116,1.002941176,7,5448,Genus,Plantae,Viridaeplantae,Chlorophyta,Chlorophyta,Chlorophytina,NA,Chlorophyceae,NA,Volvocales,Chlamydomonadaceae,Chlamydomonas
Chlorella,1.649529566,2.018185667,2.053232149,2.428053761,0.172346709,113,1,5,5811,Genus,Plantae,Viridaeplantae,Chlorophyta,Chlorophyta,Chlorophytina,NA,Trebouxiophyceae,NA,Oocystales,Oocystaceae,Chlorella
Chlorocloster,1.277732953,1.696161386,1.763285646,2.124439011,0.347077302,8,1,2,1975,Genus,Chromista,Chromista,NA,Xanthophyta,NA,NA,Xanthophyceae,NA,Mischococcales,Pleurochloridaceae,Chlorocloster
Chlorococcum,1.815908635,2.557116146,2.25428215,4.351202804,0.629500254,143,1,1,5648,Genus,Plantae,Viridaeplantae,Chlorophyta,Chlorophyta,Chlorophytina,NA,Chlorophyceae,NA,Chlorococcales,Chlorococcaceae,Chlorococcum
Chlorogonium,1.126131407,2.527968874,2.1772319,4,0.738150434,94,1,5,5539,Genus,Plantae,Viridaeplantae,Chlorophyta,Chlorophyta,Chlorophytina,NA,Chlorophyceae,NA,Volvocales,Chlamydomonadaceae,Chlorogonium
Chodatella,0.923119621,2.766409995,2.953331083,3.900367129,0.823464496,87,1.047619048,5,5866,Genus,Plantae,Viridaeplantae,Chlorophyta,Chlorophyta,Chlorophytina,NA,Trebouxiophyceae,NA,Oocystales,Oocystaceae,Chodatella
Chromulina,1.273464273,1.824438292,1.777748164,2.50242712,0.180902233,2951,1,5,1717,Genus,Chromista,Chromista,NA,Chrysophyta,NA,NA,Chrysophyceae,NA,Chromalinales,Chromulinaceae,Chromulina
Chroococcus,0.897077003,2.41032392,2.477121255,4.274550385,0.662195322,781,5.342753804,7,654,Genus,Monera,NA,NA,NA,NA,Cyanophycota,Cyanophyceae,NA,Chroococcales,Chroococcaceae,Chroococcus
Chroomonas,1.57634135,2.560950729,2.697328057,3.50242712,0.434335722,4596,1,5,10613,Genus,Chromista,Chromista,NA,Cryptophycophyta,NA,NA,Cryptophyceae,NA,Cryptomonadales,Cryptomonadaceae,Chroomonas
Chrysamoeba,2.053232149,2.614302832,2.894411698,2.895264649,0.485901652,3,1,2,1826,Genus,Chromista,Chromista,NA,Chrysophyta,NA,NA,Chrysophyceae,NA,Rhizochrysidales,Rhizochrysidaceae,Chrysamoeba
Chrysocapsa,3.400418823,3.400418823,3.400418823,3.400418823,NA,1,7,1,1860,Genus,Chromista,Chromista,NA,Chrysophyta,NA,NA,Chrysophyceae,NA,Chrysocapsales,Chrysocapsaceae,Chrysocapsa
Chrysocapsella,2.275311355,2.6347591,2.768216179,3.052647779,0.355415044,9,1,1,1682,Genus,Chromista,Chromista,NA,Chrysophyta,NA,NA,Chrysophyceae,NA,Ochromonadales,Ruttneraceae,Chrysocapsella
Chrysochromulina,0.900609446,1.571232286,1.568146648,2.201397124,0.29373611,2709,1,2,2160,Genus,Chromista,Chromista,NA,Haptophyta,NA,NA,Prymnesiophyceae,NA,Prymnesiales,Prymnesiaceae,Chrysochromulina
Chrysococcus,1.344317592,2.178110254,2.198657087,2.819543936,0.282309532,633,1.166666667,4,1751,Genus,Chromista,Chromista,NA,Chrysophyta,NA,NA,Chrysophyceae,NA,Chromalinales,Chrysococcaceae,Chrysococcus
Chrysolykos,1.444120995,1.757610661,1.698089409,2.138766936,0.12869926,1596,1,3,1594,Genus,Chromista,Chromista,NA,Chrysophyta,NA,NA,Chrysophyceae,NA,Ochromonadales,Dinobryaceae,Chrysolykos
Chrysosphaerella,1.698970004,2.740511805,2.784665832,3.869666232,0.331481624,56,2.666666667,2,1669,Genus,Chromista,Chromista,NA,Chrysophyta,NA,NA,Chrysophyceae,NA,Ochromonadales,Synuraceae,Chrysosphaerella
Chrysostephanosphaera,3.096910013,3.113494195,3.113494195,3.130078376,0.023453575,2,NA,1,1854,Genus,Chromista,Chromista,NA,Chrysophyta,NA,NA,Chrysophyceae,NA,Chrysamoebidales,Chrysamoebidiaceae,Chrysostephanosphaera
Cladophora,4.275301217,5.374785509,5.297749248,7.089215767,0.709243763,52,1,2,6763,Genus,Plantae,Viridaeplantae,Chlorophyta,Chlorophyta,Chlorophytina,NA,Ulvophyceae,NA,Cladophorales,Cladophoraceae,Cladophora
Clastidium,1.075546961,1.318089197,1.251520627,1.638489257,0.206541735,12,NA,1,180733,Genus,Monera,NA,NA,NA,NA,Cyanophycota,Cyanophyceae,NA,Chroococcales,Clastidiaceae,Clastidium
Closteriopsis,1.967079734,2.524637559,2.486161175,3.168202747,0.356084658,17,1,3,5926,Genus,Plantae,Viridaeplantae,Chlorophyta,Chlorophyta,Chlorophytina,NA,Trebouxiophyceae,NA,Oocystales,Oocystaceae,Closteriopsis
Closterium,1.775901579,2.861474522,2.665931287,5.423363855,0.605349736,1415,1,7,7257,Genus,Plantae,Viridaeplantae,Streptophyta,Charophyta,Conjugophytina,NA,Conjugophyceae,NA,Zygnematales,Desmidiaceae,Closterium
Coccomonas,2.604637414,2.604637414,2.604637414,2.604637414,NA,1,NA,1,5635,Genus,Plantae,Viridaeplantae,Chlorophyta,Chlorophyta,Chlorophytina,NA,Chlorophyceae,NA,Volvocales,Phacotaceae,Coccomonas
Coccomyxa,0.99987025,1.490396653,1.484549157,1.992618046,0.407798735,4,NA,1,6374,Genus,Plantae,Viridaeplantae,Chlorophyta,Chlorophyta,Chlorophytina,NA,Chlorophyceae,NA,Chlorococcales,Coccomyxaceae,Coccomyxa
Cocconeis,1.607455023,2.964497168,2.985700348,4.045127307,0.418585797,3469,1,7,3577,Genus,Chromista,Chromista,NA,Bacillariophyta,NA,NA,Bacillariophyceae,NA,Achnanthales,Cocconeidaceae,Cocconeis
Codosiga,2.488496826,2.641001583,2.559875312,3.025305865,0.207727981,6,NA,1,13708,Genus,Protozoa,NA,NA,NA,NA,Craspedophyta,Craspedophyceae,NA,Craspedomonadales,Codonosigaceae,Codosiga
Coelastrum,2.053078443,3.093303921,3.132633611,4.171433901,0.464071863,883,7.411428571,7,6273,Genus,Plantae,Viridaeplantae,Chlorophyta,Chlorophyta,Chlorophytina,NA,Chlorophyceae,NA,Sphaeropleales,Scenedesmaceae,Coelastrum
Coelosphaerium,0.664641976,1.924246743,1.451435633,3.922029095,1.045484054,426,46.47160494,6,791,Genus,Monera,NA,NA,NA,NA,Cyanophycota,Cyanophyceae,NA,Chroococcales,Chroococcaceae,Coelosphaerium
Colacium,2.664943481,3.183098273,3.301247197,3.372605189,0.288903227,9,NA,1,9754,Genus,Protozoa,NA,NA,NA,NA,Euglenophycota,Euglenophyceae,NA,Euglenales,Euglenaceae,Colacium
Coronastrum,1.857767008,1.857996243,1.857996243,1.858225478,0.000324187,2,NA,1,6270,Genus,Plantae,Viridaeplantae,Chlorophyta,Chlorophyta,Chlorophytina,NA,Chlorophyceae,NA,Sphaeropleales,Scenedesmaceae,Coronastrum
Coscinodiscus,2.479200881,3.738528634,3.58940306,5.435449389,0.710722567,186,1,2,2546,Genus,Chromista,Chromista,NA,Bacillariophyta,NA,NA,Coscinodiscophyceae,NA,Coscinodiscales,Coscinodiscaceae,Coscinodiscus
Cosmarium,1.342225229,2.931548698,2.77815125,5.052663167,0.663331704,1346,1.02,7,7848,Genus,Plantae,Viridaeplantae,Streptophyta,Charophyta,Conjugophytina,NA,Conjugophyceae,NA,Zygnematales,Desmidiaceae,Cosmarium
Cosmioneis,3.557266529,3.659631764,3.665697855,3.736715134,0.059278328,6,NA,1,590859,Genus,Chromista,Chromista,NA,Bacillariophyta,NA,NA,Bacillariophyceae,NA,Naviculales,Cosmioneidaceae,Cosmioneis
Craticula,1.264817823,2.971784323,2.836324116,4.5774918,0.892906248,167,NA,2,590849,Genus,Chromista,Chromista,NA,Bacillariophyta,NA,NA,Bacillariophyceae,NA,Naviculales,Stauroneidaceae,Craticula
Crucigenia,1.393575203,2.23788458,2.194976603,3.024793423,0.310959547,992,3.755813953,7,6225,Genus,Plantae,Viridaeplantae,Chlorophyta,Chlorophyta,Chlorophytina,NA,Chlorophyceae,NA,Sphaeropleales,Scenedesmaceae,Crucigenia
Crypthecodinium,1.877371346,2.508718018,2.472580941,3.151004975,0.270149021,169,1,1,10576,Genus,Chromista,Chromista,NA,Pyrrophycophyta,NA,NA,Dinophyceae,NA,Gonyaulacales,Crypthecodiniaceae,Crypthecodinium
Cryptomonas,1.816638945,2.991151421,3.078908019,4.099680641,0.386528247,18005,1,7,10635,Genus,Chromista,Chromista,NA,Cryptophycophyta,NA,NA,Cryptophyceae,NA,Cryptomonadales,Cryptomonadaceae,Cryptomonas
Cyclostephanos,1.274157849,2.218093701,2.195899652,2.91750551,0.326376467,295,1.027777778,3,590827,Genus,Chromista,Chromista,NA,Bacillariophyta,NA,NA,Coscinodiscophyceae,NA,Thalassiosirales,Stephanodiscaceae,Cyclostephanos
Cyclotella,0.673020907,2.608079354,2.648360011,4.10994958,0.590498963,9334,1.000716065,7,2439,Genus,Chromista,Chromista,NA,Bacillariophyta,NA,NA,Coscinodiscophyceae,NA,Thalassiosirales,Stephanodiscaceae,Cyclotella
Cylindrocapsa,1.605305046,2.27632467,2.251111108,2.890979597,0.333132966,34,NA,1,9377,Genus,Plantae,Viridaeplantae,Chlorophyta,Chlorophyta,Chlorophytina,NA,Chlorophyceae,NA,Chlorococcales,Cylindrocapsaceae,Cylindrocapsa
Cylindrocystis,3.863679668,4.122461114,4.178516524,4.32518715,0.235804889,3,NA,1,8895,Genus,Plantae,Viridaeplantae,Streptophyta,Charophyta,Conjugophytina,NA,Conjugophyceae,NA,Zygnematales,Mesotaeniaceae,Cylindrocystis
Cylindrospermopsis,2.16571903,2.683529155,2.648952229,3.296490428,0.265234745,72,13.85516176,3,203689,Genus,Monera,NA,NA,NA,NA,Cyanophycota,Cyanophyceae,NA,Nostocales,Nostocaceae,Cylindrospermopsis
Cylindrospermum,0.963787827,1.75605319,1.730533059,2.354108439,0.364693908,46,NA,1,1197,Genus,Monera,NA,NA,NA,NA,Cyanophycota,Cyanophyceae,NA,Nostocales,Nostocaceae,Cylindrospermum
Cylindrotheca,2.130333768,2.494616106,2.460897843,2.773054693,0.195031204,14,NA,1,5316,Genus,Chromista,Chromista,NA,Bacillariophyta,NA,NA,Bacillariophyceae,NA,Bacillariales,Bacillariaceae,Cylindrotheca
Cymatopleura,2.959327646,3.900513314,3.821906377,5.058471577,0.457449674,63,1,4,3256,Genus,Chromista,Chromista,NA,Bacillariophyta,NA,NA,Bacillariophyceae,NA,Surirellales,Surirellaceae,Cymatopleura
Cymatosira,1.42975228,1.629400047,1.673020907,1.71432976,0.063080284,42,NA,1,3192,Genus,Chromista,Chromista,NA,Bacillariophyta,NA,NA,Coscinodiscophyceae,NA,Cymatosirales,Cymatosiraceae,Cymatosira
Cymbella,1.290034611,2.721973432,2.705007959,5.006466042,0.551319345,2179,1,6,4795,Genus,Chromista,Chromista,NA,Bacillariophyta,NA,NA,Bacillariophyceae,NA,Cymbellales,Cymbellaceae,Cymbella
Cymbellonitzschia,2.40654018,2.472322868,2.477121255,2.556302501,0.03953365,14,NA,1,590856,Genus,Chromista,Chromista,NA,Bacillariophyta,NA,NA,Bacillariophyceae,NA,Bacillariales,Bacillariaceae,Cymbellonitzschia
Dactylococcopsis,0.323808796,0.956990586,0.998137599,1.362467691,0.30734814,20,1,5,6446,Genus,Plantae,Viridaeplantae,Chlorophyta,Chlorophyta,Chlorophytina,NA,Ulvophyceae,NA,Ulotrichales,Ulotrichaceae,Dactylococcopsis
Denticula,1.004321374,2.05123697,1.954242509,3.079181246,0.470579692,219,NA,1,5319,Genus,Chromista,Chromista,NA,Bacillariophyta,NA,NA,Bacillariophyceae,NA,Bacillariales,Bacillariaceae,Denticula
Desmarella,1.740231211,2.21302385,2.053661846,2.86923172,0.275529766,46,4.8,2,13710,Genus,Protozoa,NA,NA,NA,NA,Craspedophyta,Craspedophyceae,NA,Craspedomonadales,Codonosigaceae,Desmarella
Desmatractum,2.768216179,2.801200243,2.798180884,2.826210904,0.021954807,5,1,1,5980,Genus,Plantae,Viridaeplantae,Chlorophyta,Chlorophyta,Chlorophytina,NA,Trebouxiophyceae,NA,Oocystales,Oocystaceae,Desmatractum
Desmidium,3.141449773,4.052968911,4.073916046,4.761612146,0.480728812,8,1,3,8844,Genus,Plantae,Viridaeplantae,Streptophyta,Charophyta,Conjugophytina,NA,Conjugophyceae,NA,Zygnematales,Desmidiaceae,Desmidium
Diadesmis,0.740362689,2.132289506,2.320146286,3.007747778,0.57257502,435,NA,1,590840,Genus,Chromista,Chromista,NA,Bacillariophyta,NA,NA,Bacillariophyceae,NA,Naviculales,Diadesmidaceae,Diadesmis
Diatoma,1.759667845,2.808870586,2.698970004,3.916656046,0.507769058,1767,1.245199784,7,3214,Genus,Chromista,Chromista,NA,Bacillariophyta,NA,NA,Fragilariophyceae,NA,Fragilariales,Fragilariaceae,Diatoma
Diatomella,2.409933123,2.952753644,2.998695158,3.44963265,0.521370064,3,NA,1,3330,Genus,Chromista,Chromista,NA,Bacillariophyta,NA,NA,Bacillariophyceae,NA,Naviculales,Pinnulariaceae,Diatomella
Dichothrix,1.496929648,1.827372979,1.902546779,2.155336037,0.235971501,11,NA,1,1230,Genus,Monera,NA,NA,NA,NA,Cyanophycota,Cyanophyceae,NA,Nostocales,Rivulariaceae,Dichothrix
Dictyocha,2.843176696,4.224238822,4.353856329,5.289303491,0.812232568,14,1,2,1804,Genus,Chromista,Chromista,NA,Chrysophyta,NA,NA,Chrysophyceae,NA,Dictyochales,Dictyochaceae,Dictyocha
Dictyosphaerium,0.622214023,2.190056158,2.176091259,3.176044783,0.407987298,1438,11.18776596,6,6297,Genus,Plantae,Viridaeplantae,Chlorophyta,Chlorophyta,Chlorophytina,NA,Chlorophyceae,NA,Chlorococcales,Dictyosphaeriaceae,Dictyosphaerium
Didymosphenia,3.655522596,4.508302982,4.666080581,5.024128398,0.422129193,24,1,2,590824,Genus,Chromista,Chromista,NA,Bacillariophyta,NA,NA,Bacillariophyceae,NA,Cymbellales,Gomphonemataceae,Didymosphenia
Dimorphococcus,1.150363402,2.673537834,2.855488061,4.028028724,1.017443425,19,8.333333333,3,6303,Genus,Plantae,Viridaeplantae,Chlorophyta,Chlorophyta,Chlorophytina,NA,Chlorophyceae,NA,Chlorococcales,Dictyosphaeriaceae,Dimorphococcus
Dinobryon,1.187460966,2.067441395,2.166331422,2.967313918,0.358559852,11182,1.258269162,7,1515,Genus,Chromista,Chromista,NA,Chrysophyta,NA,NA,Chrysophyceae,NA,Ochromonadales,Dinobryaceae,Dinobryon
Dinophysis,3.577535457,3.609963748,3.622088588,3.636329395,0.024349195,5,1,1,9928,Genus,Chromista,Chromista,NA,Pyrrophycophyta,NA,NA,Dinophyceae,NA,Dinophysiales,Dinophysiaceae,Dinophysis
Diplodinium,3.541003547,3.837487788,3.837487788,4.133972029,0.419292034,2,1,1,180937,Genus,Chromista,Chromista,NA,Pyrrophycophyta,NA,NA,Dinophyceae,NA,Phytodiniales,Phytodiniaceae,Diplodinium
Diplomitella,1.614018572,1.86025202,1.826181689,2.161368002,0.106459899,528,NA,1,2155,Genus,Chromista,Chromista,NA,Haptophyta,NA,NA,Prymnesiophyceae,NA,Isochrysidales,Derepyxidaceae,Diplomitella
Diploneis,1.303196057,2.939131308,2.944482672,4.275311355,0.607806355,539,1,4,4325,Genus,Chromista,Chromista,NA,Bacillariophyta,NA,NA,Bacillariophyceae,NA,Naviculales,Diploneidaceae,Diploneis
Dispora,1.653172926,2.160899613,2.053232149,2.927095839,0.501718839,7,1.75,4,6380,Genus,Plantae,Viridaeplantae,Chlorophyta,Chlorophyta,Chlorophytina,NA,Chlorophyceae,NA,Chlorococcales,Coccomyxaceae,Dispora
Ditylum,3.28630599,3.28630599,3.28630599,3.28630599,NA,1,1,1,2926,Genus,Chromista,Chromista,NA,Bacillariophyta,NA,NA,Coscinodiscophyceae,NA,Lithodesmiales,Lithodesmiaceae,Ditylum
Draparnaldia,2.139879086,2.139879086,2.139879086,2.139879086,NA,1,NA,1,6689,Genus,Plantae,Viridaeplantae,Chlorophyta,Chlorophyta,Chlorophytina,NA,Chlorophyceae,NA,Chaetophorales,Chaetophoraceae,Draparnaldia
Dunaliella,2.428264415,2.698367121,2.718999638,2.956542992,0.166842133,25,1,1,5420,Genus,Plantae,Viridaeplantae,Chlorophyta,Chlorophyta,Chlorophytina,NA,Chlorophyceae,NA,Volvocales,Dunaliellaceae,Dunaliella
Ebria,3.746244872,3.746244872,3.746244872,3.746244872,NA,1,NA,1,1813,Genus,Chromista,Chromista,NA,Chrysophyta,NA,NA,Chrysophyceae,NA,Dictyochales,Dictyochaceae,Ebria
Elakatothrix,1.351779432,2.011333983,1.898973421,2.677997798,0.313705211,2138,1.214285714,7,9412,Genus,Plantae,Viridaeplantae,Chlorophyta,Chlorophyta,Chlorophytina,NA,Chlorophyceae,NA,Sphaeropleales,Scenedesmaceae,Elakatothrix
Ellerbeckia,3.396722279,3.895658412,3.956552592,4.13414522,0.254026494,7,NA,1,590839,Genus,Chromista,Chromista,NA,Bacillariophyta,NA,NA,Coscinodiscophyceae,NA,Paraliales,Paraliaceae,Ellerbeckia
Encyonema,1.181843588,2.420266323,2.385606274,3.942519971,0.452280515,1381,1,5,590838,Genus,Chromista,Chromista,NA,Bacillariophyta,NA,NA,Bacillariophyceae,NA,Cymbellales,Cymbellaceae,Encyonema
Enteromorpha,2.499687083,3.219539332,3.164947373,3.777354313,0.369380631,15,NA,1,6515,Genus,Plantae,Viridaeplantae,Chlorophyta,Chlorophyta,Chlorophytina,NA,Ulvophyceae,NA,Ulvales,Ulvaceae,Enteromorpha
Entomoneis,2.57632983,3.566587492,3.497946959,4.9187538,0.441122312,460,1,6,4699,Genus,Chromista,Chromista,NA,Bacillariophyta,NA,NA,Bacillariophyceae,NA,Surirellales,Entomoneidaceae,Entomoneis
Epipyxis,1.664903326,2.162699679,2.137279467,2.678514203,0.251003847,208,NA,1,1574,Genus,Chromista,Chromista,NA,Chrysophyta,NA,NA,Chrysophyceae,NA,Ochromonadales,Dinobryaceae,Epipyxis
Epithemia,2.482873584,3.317408752,3.259713158,4.7830241,0.386197832,572,1,3,5005,Genus,Chromista,Chromista,NA,Bacillariophyta,NA,NA,Bacillariophyceae,NA,Rhopalodiales,Rhopalodiaceae,Epithemia
Erkenia,1.476998187,1.490575936,1.480626305,1.62838893,0.036640709,437,1,3,1512,Genus,Chromista,Chromista,NA,Chrysophyta,NA,NA,Chrysophyceae,NA,Ochromonadales,Ochromonadaceae,Erkenia
Euastropsis,2.176091259,2.551216853,2.551216853,2.926342447,0.530507702,2,NA,2,6086,Genus,Plantae,Viridaeplantae,Chlorophyta,Chlorophyta,Chlorophytina,NA,Chlorophyceae,NA,Sphaeropleales,Hydrodictyaceae,Euastropsis
Euastrum,2.06069784,3.149040584,3.121121592,5.604880243,0.800846224,150,NA,2,8525,Genus,Plantae,Viridaeplantae,Streptophyta,Charophyta,Conjugophytina,NA,Conjugophyceae,NA,Zygnematales,Desmidiaceae,Euastrum
Eucampia,3.314219151,3.523497588,3.538542317,3.723964377,0.146964329,7,1,1,2730,Genus,Chromista,Chromista,NA,Bacillariophyta,NA,NA,Coscinodiscophyceae,NA,Biddulphiales,Biddulphiaceae,Eucampia
Eucapsis,-0.283996656,-0.283996656,-0.283996656,-0.283996656,0,5,1,1,812,Genus,Monera,NA,NA,NA,NA,Cyanophycota,Cyanophyceae,NA,Chroococcales,Chroococcaceae,Eucapsis
Eucocconeis,0.812913357,2.289101242,2.924279286,3.436162647,1.034978082,46,NA,1,590837,Genus,Chromista,Chromista,NA,Bacillariophyta,NA,NA,Bacillariophyceae,NA,Achnanthales,Achnanthidiaceae,Eucocconeis
Eudorina,2.672097858,3.209420962,3.256314767,3.823908741,0.231379627,329,10.18666667,5,5597,Genus,Plantae,Viridaeplantae,Chlorophyta,Chlorophyta,Chlorophytina,NA,Chlorophyceae,NA,Volvocales,Volvocaceae,Eudorina
Euglena,2.120409395,3.255653602,3.397800566,4.698970004,0.548992323,635,1,7,9620,Genus,Protozoa,NA,NA,NA,NA,Euglenophycota,Euglenophyceae,NA,Euglenales,Euglenaceae,Euglena
Eunotia,0.477121255,2.6945788,2.619093331,4.369215857,0.672244233,3493,1.054945055,6,3337,Genus,Chromista,Chromista,NA,Bacillariophyta,NA,NA,Bacillariophyceae,NA,Eunotiales,Eunotiaceae,Eunotia
Eunotogramma,1.944482672,2.05685263,2.060779922,2.161368002,0.094368343,4,NA,1,2722,Genus,Chromista,Chromista,NA,Bacillariophyta,NA,NA,Coscinodiscophyceae,NA,Anaulales,Anaulaceae,Eunotogramma
Eutetramorus,2.197280558,2.80187112,2.602059991,3.72427587,0.462587291,133,NA,1,5936,Genus,Plantae,Viridaeplantae,Chlorophyta,Chlorophyta,Chlorophytina,NA,Trebouxiophyceae,NA,Oocystales,Oocystaceae,Eutetramorus
Eutreptiella,2.071182156,3.190600632,3.394959138,4.162026731,0.522336977,122,1,1,9609,Genus,Protozoa,NA,NA,NA,NA,Euglenophycota,Euglenophyceae,NA,Eutreptiales,Eutreptiaceae,Eutreptiella
Excentrosphaera,2.648242882,2.648242882,2.648242882,2.648242882,NA,1,1,1,5750,Genus,Plantae,Viridaeplantae,Chlorophyta,Chlorophyta,Chlorophytina,NA,Chlorophyceae,NA,Chlorococcales,Chlorococcaceae,Excentrosphaera
Fallacia,0.771587481,2.611270012,2.472756449,3.951045948,0.680595426,270,NA,1,590836,Genus,Chromista,Chromista,NA,Bacillariophyta,NA,NA,Bacillariophyceae,NA,Naviculales,Sellaphoraceae,Fallacia
Fischerella,1.737987326,2.17706717,2.222708685,2.586587305,0.223160165,38,NA,1,1407,Genus,Monera,NA,NA,NA,NA,Cyanophycota,Cyanophyceae,NA,Stigonematales,Stigonemataceae,Fischerella
Fragilaria,0.991226076,2.48123887,2.542777737,3.66037591,0.485740323,8930,1.187492613,7,2932,Genus,Chromista,Chromista,NA,Bacillariophyta,NA,NA,Fragilariophyceae,NA,Fragilariales,Fragilariaceae,Fragilaria
Fragilariforma,0.67669361,2.370825131,2.337448933,3.621695462,0.801156339,200,2,3,590826,Genus,Chromista,Chromista,NA,Bacillariophyta,NA,NA,Fragilariophyceae,NA,Fragilariales,Fragilariaceae,Fragilariforma
Fragilariopsis,2.197280558,2.198520585,2.198561229,2.200485698,0.000773689,16,NA,1,5071,Genus,Chromista,Chromista,NA,Bacillariophyta,NA,NA,Bacillariophyceae,NA,Bacillariales,Bacillariaceae,Fragilariopsis
Franceia,2.086214567,3.12627296,3.107669757,3.678518379,0.342137499,44,1,3,5958,Genus,Plantae,Viridaeplantae,Chlorophyta,Chlorophyta,Chlorophytina,NA,Trebouxiophyceae,NA,Oocystales,Oocystaceae,Franceia
Frustulia,1.485721426,3.295969264,3.403977964,4.130333768,0.52487046,466,1,3,4564,Genus,Chromista,Chromista,NA,Bacillariophyta,NA,NA,Bacillariophyceae,NA,Naviculales,Amphipleuraceae,Frustulia
Geissleria,0.750508395,2.34610554,2.33243846,3.015778756,0.323466775,378,NA,1,590834,Genus,Chromista,Chromista,NA,Bacillariophyta,NA,NA,Bacillariophyceae,NA,Naviculales,Naviculaceae,Geissleria
Geminella,1.198657087,1.821715832,1.59439255,2.672097858,0.762570542,3,NA,1,6463,Genus,Plantae,Viridaeplantae,Chlorophyta,Chlorophyta,Chlorophytina,NA,Ulvophyceae,NA,Ulotrichales,Ulotrichaceae,Geminella
Glenodinium,2.120178938,3.101359301,3.016703317,4.127865767,0.535030592,61,1,4,10174,Genus,Chromista,Chromista,NA,Pyrrophycophyta,NA,NA,Dinophyceae,NA,Peridiniales,Glenodiniaceae,Glenodinium
Gloeobotrys,2.367239112,2.601083761,2.564126562,2.811096765,0.149401127,10,NA,1,2038,Genus,Chromista,Chromista,NA,Xanthophyta,NA,NA,Xanthophyceae,NA,Mischococcales,Gloeobotrydaceae,Gloeobotrys
Gloeocapsa,-0.283996656,1.351993192,1.508902598,2.843176696,1.085249794,26,1,3,682,Genus,Monera,NA,NA,NA,NA,Cyanophycota,Cyanophyceae,NA,Chroococcales,Chroococcaceae,Gloeocapsa
Gloeocystis,1.491361694,2.390949207,2.36504339,3.687777784,0.384603443,344,2.212120455,7,6355,Genus,Plantae,Viridaeplantae,Chlorophyta,Chlorophyta,Chlorophytina,NA,Chlorophyceae,NA,Chlorococcales,Coccomyxaceae,Gloeocystis
Gloeothece,1.342027688,2.047893331,1.690059259,3.008813009,0.755082775,5,15.75,3,703,Genus,Monera,NA,NA,NA,NA,Cyanophycota,Cyanophyceae,NA,Chroococcales,Chroococcaceae,Gloeothece
Gloeotrichia,2.627377124,3.544499275,3.296490428,5.069392229,0.717279822,29,207.5182222,3,1297,Genus,Monera,NA,NA,NA,NA,Cyanophycota,Cyanophyceae,NA,Nostocales,Rivulariaceae,Gloeotrichia
Golenkinia,2.177630563,2.79620965,2.719331287,3.331726846,0.339156033,33,1,5,6314,Genus,Plantae,Viridaeplantae,Chlorophyta,Chlorophyta,Chlorophytina,NA,Chlorophyceae,NA,Chlorococcales,Micractiniaceae,Golenkinia
Gomphoneis,2.260071388,3.491576414,3.652185152,4.404829955,0.473698165,164,1,2,4912,Genus,Chromista,Chromista,NA,Bacillariophyta,NA,NA,Bacillariophyceae,NA,Cymbellales,Gomphonemataceae,Gomphoneis
Gomphonema,1.209515015,2.387191163,2.334714573,3.968669702,0.422785467,4966,1.013422819,7,4911,Genus,Chromista,Chromista,NA,Bacillariophyta,NA,NA,Bacillariophyceae,NA,Cymbellales,Gomphonemataceae,Gomphonema
Gomphonitzschia,1.51054501,1.738653174,1.642243566,2.225309282,0.253764712,6,NA,1,6388,Genus,Plantae,Viridaeplantae,Chlorophyta,Chlorophyta,Chlorophytina,NA,Chlorophyceae,NA,Sphaeropleales,Chlorosarcinaceae,Gomphonitzschia
Gomphosphaeria,1.467163966,2.553208683,2.479567296,3.65079304,0.592127591,78,31.89818182,5,714,Genus,Monera,NA,NA,NA,NA,Cyanophycota,Cyanophyceae,NA,Chroococcales,Chroococcaceae,Gomphosphaeria
Gonatozygon,3.024280376,3.389881416,3.025034601,5.041218933,0.697892037,8,NA,2,8922,Genus,Plantae,Viridaeplantae,Streptophyta,Charophyta,Conjugophytina,NA,Conjugophyceae,NA,Zygnematales,Mesotaeniaceae,Gonatozygon
Gongrosira,1.342422681,2.701234789,2.721810615,3.900476371,0.648439055,117,NA,1,9391,Genus,Plantae,Viridaeplantae,Chlorophyta,Chlorophyta,Chlorophytina,NA,Chlorophyceae,NA,Chaetophorales,Chaetophoraceae,Gongrosira
Goniochloris,1.823908741,2.909085487,3.050404145,3.799340549,0.557238087,146,NA,1,1960,Genus,Chromista,Chromista,NA,Xanthophyta,NA,NA,Xanthophyceae,NA,Mischococcales,Pleurochloridaceae,Goniochloris
Gonium,2.033423755,2.925513258,2.843925854,3.701136066,0.453302741,63,12,4,5573,Genus,Plantae,Viridaeplantae,Chlorophyta,Chlorophyta,Chlorophytina,NA,Chlorophyceae,NA,Volvocales,Volvocaceae,Gonium
Gonyaulax,2.94067583,3.484541819,3.497149506,4.175111545,0.325102287,21,1,1,10359,Genus,Chromista,Chromista,NA,Pyrrophycophyta,NA,NA,Dinophyceae,NA,Gonyaulacales,Gonyaulacaceae,Gonyaulax
Grammatophora,3.079181246,3.093195608,3.093195608,3.10720997,0.019819301,2,NA,1,3197,Genus,Chromista,Chromista,NA,Bacillariophyta,NA,NA,Fragilariophyceae,NA,Striatellales,Striatellaceae,Grammatophora
Gymnodinium,1.752422625,2.994137544,2.997095009,4.477121255,0.582672534,7530,1,7,10031,Genus,Chromista,Chromista,NA,Pyrrophycophyta,NA,NA,Dinophyceae,NA,Gymnodiniales,Gymnodiniaceae,Gymnodinium
Gyrodinium,3.303109622,3.303109622,3.303109622,3.303109622,NA,1,1,1,10077,Genus,Chromista,Chromista,NA,Pyrrophycophyta,NA,NA,Dinophyceae,NA,Gymnodiniales,Gymnodiniaceae,Gyrodinium
Gyrosigma,2.385606274,3.53843719,3.569492125,4.563481085,0.428812769,589,1,5,4622,Genus,Chromista,Chromista,NA,Bacillariophyta,NA,NA,Bacillariophyceae,NA,Naviculales,Pleurosigmataceae,Gyrosigma
Haematococcus,3.416685432,3.68247612,3.581428283,4.15036248,0.325389216,4,1,1,5606,Genus,Plantae,Viridaeplantae,Chlorophyta,Chlorophyta,Chlorophytina,NA,Chlorophyceae,NA,Volvocales,Haematococcaceae,Haematococcus
Hannaea,2.247973266,2.715010215,2.708735847,3.240299582,0.229264739,168,1,4,3320,Genus,Chromista,Chromista,NA,Bacillariophyta,NA,NA,Fragilariophyceae,NA,Fragilariales,Fragilariaceae,Hannaea
Hantzschia,2.703291378,3.102881218,3.086715664,3.458637849,0.206668839,62,NA,1,5303,Genus,Chromista,Chromista,NA,Bacillariophyta,NA,NA,Bacillariophyceae,NA,Bacillariales,Bacillariaceae,Hantzschia
Hapalosiphon,1.59439255,1.827360982,1.804139432,2.245512668,0.121550492,28,1,2,1417,Genus,Monera,NA,NA,NA,NA,Cyanophycota,Cyanophyceae,NA,Stigonematales,Stigonemataceae,Hapalosiphon
Haslea,3.343408594,3.43774675,3.450165536,3.498310554,0.037636064,18,NA,1,573599,Genus,Chromista,Chromista,NA,Bacillariophyta,NA,NA,Bacillariophyceae,NA,Naviculales,Naviculaceae,Haslea
Hemidinium,3.647578554,3.860722549,3.857799271,4.087532976,0.159503307,10,NA,1,10159,Genus,Chromista,Chromista,NA,Pyrrophycophyta,NA,NA,Dinophyceae,NA,Peridiniales,Glenodiniopsidaceae,Hemidinium
Hemiselmis,1.585235063,1.827353389,1.768193962,2.020029634,0.145816606,16,1,1,10604,Genus,Chromista,Chromista,NA,Cryptophycophyta,NA,NA,Cryptophyceae,NA,Cryptomonadales,Hemiselmidaceae,Hemiselmis
Hippodonta,1.206825876,2.462176087,2.456363378,3.020340562,0.289030605,256,1,3,590841,Genus,Chromista,Chromista,NA,Bacillariophyta,NA,NA,Bacillariophyceae,NA,Naviculales,Naviculaceae,Hippodonta
Homoeothrix,-0.13667714,0.913609644,0.797959644,2.958085849,0.631026228,866,NA,1,1308,Genus,Monera,NA,NA,NA,NA,Cyanophycota,Cyanophyceae,NA,Nostocales,Rivulariaceae,Homoeothrix
Hyalotheca,0.982271233,2.773023127,3.465368691,4.139816141,1.101575642,38,NA,2,8750,Genus,Plantae,Viridaeplantae,Streptophyta,Charophyta,Conjugophytina,NA,Conjugophyceae,NA,Zygnematales,Desmidiaceae,Hyalotheca
Hydrodictyon,2.781755375,3.572690646,3.312063459,4.884880289,0.988859008,4,NA,1,6079,Genus,Plantae,Viridaeplantae,Chlorophyta,Chlorophyta,Chlorophytina,NA,Chlorophyceae,NA,Sphaeropleales,Hydrodictyaceae,Hydrodictyon
Hydrosera,3.528273777,4.608460963,4.908485019,5.440411561,0.593436797,13,1,1,2707,Genus,Chromista,Chromista,NA,Bacillariophyta,NA,NA,Coscinodiscophyceae,NA,Biddulphiales,Biddulphiaceae,Hydrosera
Hydrurus,0.930949031,1.969205927,2.008600172,2.931966115,0.397265613,53,NA,2,1872,Genus,Chromista,Chromista,NA,Chrysophyta,NA,NA,Chrysophyceae,NA,Chrysocapsales,Hydruraceae,Hydrurus
Karayevia,1.176091259,1.830576844,1.767500135,2.761175813,0.435528178,220,NA,1,590831,Genus,Chromista,Chromista,NA,Bacillariophyta,NA,NA,Bacillariophyceae,NA,Achnanthales,Achnanthaceae,Karayevia
Katodinium,2.301029996,3.032111958,3,3.741427379,0.333909454,34,1,2,10104,Genus,Chromista,Chromista,NA,Pyrrophycophyta,NA,NA,Dinophyceae,NA,Gymnodiniales,Gymnodiniaceae,Katodinium
Kephyrion,1.273464273,1.855790314,1.77385312,2.411840384,0.209913618,1667,1,5,1764,Genus,Chromista,Chromista,NA,Chrysophyta,NA,NA,Chrysophyceae,NA,Chromalinales,Chrysococcaceae,Kephyrion
Kephyriopsis,1.690697478,1.906199569,1.839119852,2.278753601,0.193048177,21,NA,1,1699,Genus,Chromista,Chromista,NA,Chrysophyta,NA,NA,Chrysophyceae,NA,Phaeothamniales,Phaeosaccionaceae,Kephyriopsis
Keratococcus,2.28425021,2.435228261,2.451911674,2.45331834,0.053055112,10,1,2,202441,Genus,Plantae,Viridaeplantae,Chlorophyta,Chlorophyta,Chlorophytina,NA,Trebouxiophyceae,NA,Chlorellales,Chlorellaceae,Keratococcus
Kirchneriella,0.041392685,1.589344091,1.625774286,3.690749674,0.565727451,331,1.75,6,5895,Genus,Plantae,Viridaeplantae,Chlorophyta,Chlorophyta,Chlorophytina,NA,Trebouxiophyceae,NA,Oocystales,Oocystaceae,Kirchneriella
Klebsormidium,2.957607287,2.957607287,2.957607287,2.957607287,NA,1,NA,1,6474,Genus,Plantae,Viridaeplantae,Chlorophyta,Chlorophyta,Chlorophytina,NA,Ulvophyceae,NA,Ulotrichales,Ulotrichaceae,Klebsormidium
Kobayasia,2.301029996,2.301029996,2.301029996,2.301029996,0,2,NA,1,590830,Genus,Chromista,Chromista,NA,Bacillariophyta,NA,NA,Bacillariophyceae,NA,Achnanthales,Achnanthaceae,Kobayasia
Kolbesia,1.544068044,1.876573146,1.750508395,2.29666519,0.300070795,15,NA,1,590829,Genus,Chromista,Chromista,NA,Bacillariophyta,NA,NA,Bacillariophyceae,NA,Achnanthales,Achnanthaceae,Kolbesia
Lagerheimiella,1.690697478,1.972265644,1.95089122,2.569346998,0.187690145,126,NA,1,6017,Genus,Plantae,Viridaeplantae,Chlorophyta,Chlorophyta,Chlorophytina,NA,Trebouxiophyceae,NA,Oocystales,Oocystaceae,Lagerheimiella
Lagynion,2.549003262,2.549003262,2.549003262,2.549003262,NA,1,NA,1,1835,Genus,Chromista,Chromista,NA,Chrysophyta,NA,NA,Chrysophyceae,NA,Chrysamoebidales,Stylococcaceae,Lagynion
Lepocinclis,3.037824751,3.879088284,3.846584503,4.81078344,0.425144937,33,1,3,9758,Genus,Protozoa,NA,NA,NA,NA,Euglenophycota,Euglenophyceae,NA,Euglenales,Euglenaceae,Lepocinclis
Leptocylindrus,3.129354699,3.19693619,3.141587722,3.303329998,0.087454829,5,1,1,2394,Genus,Chromista,Chromista,NA,Bacillariophyta,NA,NA,Coscinodiscophyceae,NA,Leptocylindrales,Leptocylindraceae,Leptocylindrus
Leptolyngbya,0.409933123,1.356114139,1.404833717,1.928498268,0.232614157,997,1,2,189418,Genus,Monera,NA,NA,NA,NA,Cyanophycota,Cyanophyceae,NA,Nostocales,Oscillatoriaceae,Leptolyngbya
Leucocryptos,1.652246341,2.682857096,2.85717945,3.46912069,0.543515244,28,1,1,10668,Genus,Chromista,Chromista,NA,Cryptophycophyta,NA,NA,Cryptophyceae,NA,Cryptomonadales,Cryptomonadaceae,Leucocryptos
Lobomonas,1.736157375,2.509529994,2.351779432,3.477121255,0.573864895,41,1,5,5556,Genus,Plantae,Viridaeplantae,Chlorophyta,Chlorophyta,Chlorophytina,NA,Chlorophyceae,NA,Volvocales,Chlamydomonadaceae,Lobomonas
Luticola,1.774516966,2.612684691,2.592176757,3.275311355,0.243926665,351,NA,1,590847,Genus,Chromista,Chromista,NA,Bacillariophyta,NA,NA,Bacillariophyceae,NA,Naviculales,Diadesmidaceae,Luticola
Lyngbya,1.041392685,2.009218886,1.918762213,3.326900895,0.483530554,288,40.12716763,7,870,Genus,Monera,NA,NA,NA,NA,Cyanophycota,Cyanophyceae,NA,Nostocales,Oscillatoriaceae,Lyngbya
Mallomonas,1.521661015,2.892936923,2.928285319,4.122215878,0.443882234,6673,1.120540541,6,1598,Genus,Chromista,Chromista,NA,Chrysophyta,NA,NA,Chrysophyceae,NA,Ochromonadales,Synuraceae,Mallomonas
Martyana,2.120573931,2.652976687,2.682552032,3.419790586,0.310544197,28,NA,1,590833,Genus,Chromista,Chromista,NA,Bacillariophyta,NA,NA,Fragilariophyceae,NA,Fragilariales,Fragilariaceae,Martyana
Mastogloia,2.567026366,3.180376286,3.146128036,3.702258163,0.273833231,97,1,2,4549,Genus,Chromista,Chromista,NA,Bacillariophyta,NA,NA,Bacillariophyceae,NA,Mastogloiales,Mastogloiaceae,Mastogloia
Melosira,1.812244697,3.513451518,3.589694979,4.803574892,0.398039375,2066,1.085022026,7,2290,Genus,Chromista,Chromista,NA,Bacillariophyta,NA,NA,Coscinodiscophyceae,NA,Melosirales,Melosiraceae,Melosira
Meridion,1.812244697,2.745189398,2.862127692,3.415807728,0.32572008,254,1,4,3237,Genus,Chromista,Chromista,NA,Bacillariophyta,NA,NA,Fragilariophyceae,NA,Fragilariales,Fragilariaceae,Meridion
Merismopedia,0.190331698,1.591724221,1.812780855,3.205353255,0.4821704,1184,18.22669234,7,727,Genus,Monera,NA,NA,NA,NA,Cyanophycota,Cyanophyceae,NA,Chroococcales,Chroococcaceae,Merismopedia
Mesodinium,2.956322136,3.186413251,3.247052175,3.410345254,0.097594349,83,1,1,46287,Genus,Protozoa,NA,NA,NA,NA,Ciliophora,Ciliatea,Rhabdophorina,NA,Didiniidae,Mesodinium
Mesoporos,3.157384229,3.982146023,4.060472704,4.423603814,0.336054615,33,1,1,9919,Genus,Chromista,Chromista,NA,Pyrrophycophyta,NA,NA,Dinophyceae,NA,Prorocentrales,Prorocentraceae,Mesoporos
Micractinium,1.723127159,2.464191984,2.414951068,3.139242851,0.279318648,268,6.53125,7,6321,Genus,Plantae,Viridaeplantae,Chlorophyta,Chlorophyta,Chlorophytina,NA,Chlorophyceae,NA,Chlorococcales,Micractiniaceae,Micractinium
Micrasterias,4.814647069,5.177920531,5.210117783,5.73706695,0.244441715,15,NA,1,8358,Genus,Plantae,Viridaeplantae,Streptophyta,Charophyta,Conjugophytina,NA,Conjugophyceae,NA,Zygnematales,Desmidiaceae,Micrasterias
Microchaete,2.326335861,2.404604722,2.404604722,2.482873584,0.110688885,2,NA,1,1214,Genus,Monera,NA,NA,NA,NA,Cyanophycota,Cyanophyceae,NA,Nostocales,Microchaetaceae,Microchaete
Microcoleus,1.409933123,1.665769133,1.670597526,1.872738827,0.18166121,8,NA,1,906,Genus,Monera,NA,NA,NA,NA,Cyanophycota,Cyanophyceae,NA,Nostocales,Oscillatoriaceae,Microcoleus
Microcystis,0.602059991,2.948842014,3.126834631,7.525178596,1.149562215,2037,33.75752931,7,747,Genus,Monera,NA,NA,NA,NA,Cyanophycota,Cyanophyceae,NA,Chroococcales,Chroococcaceae,Microcystis
Microspora,1.471291711,2.721695171,2.735038745,4.247261127,0.634946195,264,1,4,9295,Genus,Plantae,Viridaeplantae,Chlorophyta,Chlorophyta,Chlorophytina,NA,Chlorophyceae,NA,Microsporales,Microsporaceae,Microspora
Microthamnion,1.469822016,1.780859973,1.794037204,2.130333768,0.263833309,6,NA,1,6676,Genus,Plantae,Viridaeplantae,Chlorophyta,Chlorophyta,Chlorophytina,NA,Chlorophyceae,NA,Chaetophorales,Chaetophoraceae,Microthamnion
Minuscula,2.57632983,3.071305909,3.161793103,3.433664247,0.338654345,5,1,1,10208,Genus,Chromista,Chromista,NA,Pyrrophycophyta,NA,NA,Dinophyceae,NA,Peridiniales,Peridiniaceae,Minuscula
Monochrysis,0.60108826,0.923726417,0.845214299,1.698918994,0.236461281,326,NA,1,1731,Genus,Chromista,Chromista,NA,Chrysophyta,NA,NA,Chrysophyceae,NA,Chromalinales,Chromulinaceae,Monochrysis
Monodus,2.358562977,2.358562977,2.358562977,2.358562977,NA,1,1,1,1941,Genus,Chromista,Chromista,NA,Xanthophyta,NA,NA,Xanthophyceae,NA,Mischococcales,Pleurochloridaceae,Monodus
Monoraphidium,0.85630461,1.926209781,1.927187228,2.72427587,0.368197941,6111,1.001091703,7,5990,Genus,Plantae,Viridaeplantae,Chlorophyta,Chlorophyta,Chlorophytina,NA,Trebouxiophyceae,NA,Oocystales,Oocystaceae,Monoraphidium
Monosiga,1.673069434,1.849038996,1.6734159,2.200631655,0.304488223,3,1,2,13713,Genus,Protozoa,NA,NA,NA,NA,Craspedophyta,Craspedophyceae,NA,Craspedomonadales,Codonosigaceae,Monosiga
Monostroma,1.195899652,1.524653184,1.610873,1.797959644,0.194046671,18,1,1,6481,Genus,Plantae,Viridaeplantae,Chlorophyta,Chlorophyta,Chlorophytina,NA,Ulvophyceae,NA,Ulvales,Monostromataceae,Monostroma
Mougeotia,1.748962861,3.33425913,3.299476168,4.937081372,0.741001937,381,6.516666667,7,7055,Genus,Plantae,Viridaeplantae,Streptophyta,Charophyta,Conjugophytina,NA,Conjugophyceae,NA,Zygnematales,Zygnemataceae,Mougeotia
Nannochloris,-0.104909103,0.412020247,0.406965751,0.798180884,0.199177546,39,1,3,5825,Genus,Plantae,Viridaeplantae,Chlorophyta,Chlorophyta,Chlorophytina,NA,Trebouxiophyceae,NA,Oocystales,Oocystaceae,Nannochloris
Navicula,0.888740961,2.306083919,2.322219295,4.574031268,0.540336147,14868,1,7,3649,Genus,Chromista,Chromista,NA,Bacillariophyta,NA,NA,Bacillariophyceae,NA,Naviculales,Naviculaceae,Navicula
Neidium,1.432969291,3.011274578,3.148229273,4.824262547,0.752364281,157,1,4,3269,Genus,Chromista,Chromista,NA,Bacillariophyta,NA,NA,Bacillariophyceae,NA,Naviculales,Neidiaceae,Neidium
Nephrochlamys,1.556189599,1.78254515,1.73239376,2.013851112,0.127438254,53,NA,1,5993,Genus,Plantae,Viridaeplantae,Chlorophyta,Chlorophyta,Chlorophytina,NA,Trebouxiophyceae,NA,Oocystales,Oocystaceae,Nephrochlamys
Nephrocytium,2.176091259,2.677920132,2.703086571,3.176091259,0.294333453,199,1,5,5964,Genus,Plantae,Viridaeplantae,Chlorophyta,Chlorophyta,Chlorophytina,NA,Trebouxiophyceae,NA,Oocystales,Oocystaceae,Nephrocytium
Nephroselmis,1.398981067,2.039799174,1.995715223,2.648859406,0.311352127,44,1,4,9521,Genus,Plantae,Viridaeplantae,Chlorophyta,Chlorophyta,Chlorophytina,NA,Nephroselmidophyceae,NA,Nephroselmidales,Nephroselmidaceae,Nephroselmis
Netrium,3.788945727,4.175479738,4.04927624,4.814420746,0.447322787,4,NA,1,8937,Genus,Plantae,Viridaeplantae,Streptophyta,Charophyta,Conjugophytina,NA,Conjugophyceae,NA,Zygnematales,Mesotaeniaceae,Netrium
Nitzschia,0.5289167,2.200693853,2.173186268,4.460597189,0.595982701,12133,1.026530577,7,5070,Genus,Chromista,Chromista,NA,Bacillariophyta,NA,NA,Bacillariophyceae,NA,Bacillariales,Bacillariaceae,Nitzschia
Nodularia,2.579783597,2.707419849,2.707419849,2.835056102,0.180504919,2,NA,1,1225,Genus,Monera,NA,NA,NA,NA,Cyanophycota,Cyanophyceae,NA,Nostocales,Microchaetaceae,Nodularia
Nostoc,0.804139432,1.43989633,1.492760389,2.033423755,0.259228665,163,NA,1,1146,Genus,Monera,NA,NA,NA,NA,Cyanophycota,Cyanophyceae,NA,Nostocales,Nostocaceae,Nostoc
Ochromonas,1.153509989,1.617464521,1.431232518,2.17912073,0.26522845,4698,1,4,1455,Genus,Chromista,Chromista,NA,Chrysophyta,NA,NA,Chrysophyceae,NA,Ochromonadales,Ochromonadaceae,Ochromonas
Odontella,3.664467095,4.695677197,4.716274441,5.262868713,0.44907746,16,1,1,573604,Genus,Chromista,Chromista,NA,Bacillariophyta,NA,NA,Bacillariophyceae,NA,Centrales,Eupodiscaceae,Odontella
Oedogonium,1.849357982,3.256331052,3.258637283,4.867726691,0.714174416,191,4.571428571,5,8959,Genus,Plantae,Viridaeplantae,Chlorophyta,Chlorophyta,Chlorophytina,NA,Chlorophyceae,NA,Oedogoniales,Oedogoniaceae,Oedogonium
Oocystis,0.548303411,2.115418992,1.974027835,3.895090897,0.546568387,3936,2.767989693,7,5827,Genus,Plantae,Viridaeplantae,Chlorophyta,Chlorophyta,Chlorophytina,NA,Trebouxiophyceae,NA,Oocystales,Oocystaceae,Oocystis
Oonephris,4.261381837,4.261381837,4.261381837,4.261381837,NA,1,NA,1,5995,Genus,Plantae,Viridaeplantae,Chlorophyta,Chlorophyta,Chlorophytina,NA,Trebouxiophyceae,NA,Oocystales,Oocystaceae,Oonephris
Opephora,1.303196057,1.987792731,1.916453949,2.786751422,0.382159957,63,NA,1,3005,Genus,Chromista,Chromista,NA,Bacillariophyta,NA,NA,Fragilariophyceae,NA,Fragilariales,Fragilariaceae,Opephora
Ophiocytium,1.777743271,2.742343668,2.739747346,3.364823998,0.486586795,62,1,3,2016,Genus,Chromista,Chromista,NA,Xanthophyta,NA,NA,Xanthophyceae,NA,Mischococcales,Ophiocytaceae,Ophiocytium
Ornithocercus,3.465983309,3.465983309,3.465983309,3.465983309,NA,1,1,1,9985,Genus,Chromista,Chromista,NA,Pyrrophycophyta,NA,NA,Dinophyceae,NA,Dinophysiales,Dinophysiaceae,Ornithocercus
Oscillatoria,0.561101384,2.154027359,2.0923697,4.440871863,0.623367788,881,18.29588809,6,917,Genus,Monera,NA,NA,NA,NA,Cyanophycota,Cyanophyceae,NA,Nostocales,Oscillatoriaceae,Oscillatoria
Oxyphysis,3.548302182,3.887965412,3.880964998,4.421752121,0.227810858,29,1,1,331261,Genus,Chromista,Chromista,NA,Pyrrophycophyta,NA,NA,Dinophyceae,NA,Dinophysiales,Amphisoleniaceae,Oxyphysis
Palmella,3.132634251,3.478792621,3.478792621,3.82495099,0.489541861,2,75.5,2,9166,Genus,Plantae,Viridaeplantae,Chlorophyta,Chlorophyta,Chlorophytina,NA,Chlorophyceae,NA,Tetrasporales,Palmellopsidaceae,Palmella
Palmodictyon,3.953682874,3.953682874,3.953682874,3.953682874,NA,1,60,1,9175,Genus,Plantae,Viridaeplantae,Chlorophyta,Chlorophyta,Chlorophytina,NA,Chlorophyceae,NA,Tetrasporales,Palmellopsidaceae,Palmodictyon
Pandorina,2.163031903,3.085137252,3.079047574,4.038185658,0.437888106,340,10,6,5578,Genus,Plantae,Viridaeplantae,Chlorophyta,Chlorophyta,Chlorophytina,NA,Chlorophyceae,NA,Volvocales,Volvocaceae,Pandorina
Paralia,2.28425021,3.140117243,3.189102366,4.076931575,0.419154019,174,1,2,2345,Genus,Chromista,Chromista,NA,Bacillariophyta,NA,NA,Coscinodiscophyceae,NA,Paraliales,Paraliaceae,Paralia
Paraphysomonas,2.525176053,2.525176053,2.525176053,2.525176053,NA,1,NA,1,1645,Genus,Chromista,Chromista,NA,Chrysophyta,NA,NA,Chrysophyceae,NA,Ochromonadales,Synuraceae,Paraphysomonas
Paulschulzia,1.954242509,2.68467934,2.777360228,3.325310372,0.352261509,302,5,3,9208,Genus,Plantae,Viridaeplantae,Chlorophyta,Chlorophyta,Chlorophytina,NA,Chlorophyceae,NA,Tetrasporales,Tetrasporaceae,Paulschulzia
Pediastrum,1.84509804,3.338785833,3.293968141,4.56937391,0.525763106,1707,7.986666667,7,6031,Genus,Plantae,Viridaeplantae,Chlorophyta,Chlorophyta,Chlorophytina,NA,Chlorophyceae,NA,Sphaeropleales,Hydrodictyaceae,Pediastrum
Pedinella,2.137543995,2.48405302,2.444450781,2.866653528,0.192469733,25,1,1,1784,Genus,Chromista,Chromista,NA,Chrysophyta,NA,NA,Chrysophyceae,NA,Chromalinales,Pedinellaceae,Pedinella
Penium,2.602059991,3.417357367,3.397940009,4.803341015,0.398988651,24,NA,2,8499,Genus,Plantae,Viridaeplantae,Streptophyta,Charophyta,Conjugophytina,NA,Conjugophyceae,NA,Zygnematales,Desmidiaceae,Penium
Peridiniopsis,2.776943198,3.53785337,3.667452953,4.502424591,0.483045,336,1,3,10195,Genus,Chromista,Chromista,NA,Pyrrophycophyta,NA,NA,Dinophyceae,NA,Peridiniales,Glenodiniaceae,Peridiniopsis
Peridinium,2.224558959,3.454495807,3.307964203,5.051634804,0.602324604,4937,1.001005025,7,10212,Genus,Chromista,Chromista,NA,Pyrrophycophyta,NA,NA,Dinophyceae,NA,Peridiniales,Peridiniaceae,Peridinium
Peronia,2.096910013,2.246376832,2.246376832,2.395843652,0.211378003,2,NA,1,3419,Genus,Chromista,Chromista,NA,Bacillariophyta,NA,NA,Bacillariophyceae,NA,Eunotiales,Peroniaceae,Peronia
Petalomonas,3.543709272,3.543709272,3.543709272,3.543709272,NA,1,NA,1,9824,Genus,Protozoa,NA,NA,NA,NA,Euglenophycota,Euglenophyceae,NA,Sphenomonadales,Sphenomonaceae,Petalomonas
Phacotus,1.950514637,2.327542529,2.320675709,2.75855614,0.20401087,60,1,4,5619,Genus,Plantae,Viridaeplantae,Chlorophyta,Chlorophyta,Chlorophytina,NA,Chlorophyceae,NA,Volvocales,Phacotaceae,Phacotus
Phacus,2.672097858,3.611443161,3.602059991,4.698970004,0.43616872,210,1,5,9766,Genus,Protozoa,NA,NA,NA,NA,Euglenophycota,Euglenophyceae,NA,Euglenales,Euglenaceae,Phacus
Phaeocystis,1.150449409,1.839232646,1.815909651,2.58172216,0.300376441,64,1,1,2172,Genus,Chromista,Chromista,NA,Haptophyta,NA,NA,Prymnesiophyceae,NA,Prymnesiales,Phaeocystaceae,Phaeocystis
Phormidium,0.807535028,1.700610923,1.722633923,2.928293412,0.436693993,1398,3.157459292,6,992,Genus,Monera,NA,NA,NA,NA,Cyanophycota,Cyanophyceae,NA,Nostocales,Oscillatoriaceae,Phormidium
Pinnularia,1.255272505,3.344654767,3.245512668,4.454997217,0.583553921,908,1,4,4428,Genus,Chromista,Chromista,NA,Bacillariophyta,NA,NA,Bacillariophyceae,NA,Naviculales,Pinnulariaceae,Pinnularia
Placoneis,1.307496038,2.866229339,3.101059355,4.393399695,0.77824935,89,NA,1,590835,Genus,Chromista,Chromista,NA,Bacillariophyta,NA,NA,Bacillariophyceae,NA,Cymbellales,Cymbellaceae,Placoneis
Plagioselmis,2.149219113,2.343469841,2.329406216,2.565847819,0.184080722,4,NA,1,10672,Genus,Chromista,Chromista,NA,Cryptophycophyta,NA,NA,Cryptophyceae,NA,Cryptomonadales,Cryptomonadaceae,Plagioselmis
Plagiotropis,3.86362022,4.209634375,4.098539898,5.123851641,0.524387444,5,NA,1,555624,Genus,Chromista,Chromista,NA,Bacillariophyta,NA,NA,Bacillariophyceae,NA,Naviculales,Plagiotropidaceae,Plagiotropis
Planctonema,2.673241134,2.673241134,2.673241134,2.673241134,NA,1,16.6667,1,6454,Genus,Plantae,Viridaeplantae,Chlorophyta,Chlorophyta,Chlorophytina,NA,Ulvophyceae,NA,Ulotrichales,Ulotrichaceae,Planctonema
Planktosphaeria,2.361727836,2.928447005,2.72073112,3.584331224,0.324714799,60,1,2,5909,Genus,Plantae,Viridaeplantae,Chlorophyta,Chlorophyta,Chlorophytina,NA,Trebouxiophyceae,NA,Oocystales,Oocystaceae,Planktosphaeria
Planktothrix,2.341187134,3.164411159,3.292809665,3.931718776,0.356306482,1148,78.469525,4,189420,Genus,Monera,NA,NA,NA,NA,Cyanophycota,Cyanophyceae,NA,Nostocales,Oscillatoriaceae,Planktothrix
Planothidium,1.352182518,2.121629026,2.077364104,3.146438135,0.35379499,1864,1,3,590854,Genus,Chromista,Chromista,NA,Bacillariophyta,NA,NA,Bacillariophyceae,NA,Achnanthales,Achnanthaceae,Planothidium
Platymonas,2.086464988,2.473443434,2.351779432,3.201397124,0.292883754,71,NA,1,9558,Genus,Plantae,Viridaeplantae,Chlorophyta,Chlorophyta,Chlorophytina,NA,Chlorodendrophyceae,NA,Chlorodendrales,Platymonadaceae,Platymonas
Plectonema,1.056904851,1.748881131,1.100370545,3.327154512,0.96188,8,NA,1,1312,Genus,Monera,NA,NA,NA,NA,Cyanophycota,Cyanophyceae,NA,Nostocales,Scytonemataceae,Plectonema
Pleurocapsa,0.683047038,1.469179064,1.525044807,2.117271296,0.357658795,106,NA,1,1435,Genus,Monera,NA,NA,NA,NA,Cyanophycota,Cyanophyceae,NA,Pleurocapsales,Pleurocapsaceae,Pleurocapsa
Pleurogaster,1.575569994,1.58035192,1.575569994,1.642516949,0.017892326,14,NA,1,1951,Genus,Chromista,Chromista,NA,Xanthophyta,NA,NA,Xanthophyceae,NA,Mischococcales,Pleurochloridaceae,Pleurogaster
Pleurosigma,2.855082825,3.757013609,3.917635169,4.520155887,0.364953491,62,1,3,4592,Genus,Chromista,Chromista,NA,Bacillariophyta,NA,NA,Bacillariophyceae,NA,Naviculales,Pleurosigmataceae,Pleurosigma
Pleurosira,3.974281359,5.115598501,5.193488132,6.155237019,0.502381322,68,NA,1,590853,Genus,Chromista,Chromista,NA,Bacillariophyta,NA,NA,Coscinodiscophyceae,NA,Triceratiales,Triceratiaceae,Pleurosira
Pleurotaenium,3.301029996,4.721042263,4.665618509,6.098300653,1.123653769,9,NA,2,8712,Genus,Plantae,Viridaeplantae,Streptophyta,Charophyta,Conjugophytina,NA,Conjugophyceae,NA,Zygnematales,Desmidiaceae,Pleurotaenium
Polyedriopsis,2.6017113,2.880559572,3.015390167,3.0256734,0.216095723,6,NA,1,5931,Genus,Plantae,Viridaeplantae,Chlorophyta,Chlorophyta,Chlorophytina,NA,Trebouxiophyceae,NA,Oocystales,Oocystaceae,Polyedriopsis
Polytoma,2.187822226,2.489195753,2.478429372,2.998699067,0.149210741,473,NA,1,5534,Genus,Plantae,Viridaeplantae,Chlorophyta,Chlorophyta,Chlorophytina,NA,Chlorophyceae,NA,Volvocales,Chlamydomonadaceae,Polytoma
Prasiola,2.133538908,2.133538908,2.133538908,2.133538908,NA,1,NA,1,6394,Genus,Plantae,Viridaeplantae,Chlorophyta,Chlorophyta,Chlorophytina,NA,Trebouxiophyceae,NA,Prasiolales,Prasiolaceae,Prasiola
Prorocentrum,3.161793103,4.020516362,4.01566399,4.75100458,0.410604729,51,1,1,9877,Genus,Chromista,Chromista,NA,Pyrrophycophyta,NA,NA,Dinophyceae,NA,Prorocentrales,Prorocentraceae,Prorocentrum
Protoderma,1.673205282,1.85513652,1.85513652,2.037067758,0.257289624,2,1,1,6642,Genus,Plantae,Viridaeplantae,Chlorophyta,Chlorophyta,Chlorophytina,NA,Chlorophyceae,NA,Chaetophorales,Chaetophoraceae,Protoderma
Protoperidinium,3.01125317,3.515960275,3.181597799,4.355029856,0.731630128,3,1,2,10340,Genus,Chromista,Chromista,NA,Pyrrophycophyta,NA,NA,Dinophyceae,NA,Peridiniales,Protoperidinaceae,Protoperidinium
Prymnesium,1.708035304,2.292033132,2.357226919,2.585291491,0.306330337,6,1,2,2169,Genus,Chromista,Chromista,NA,Haptophyta,NA,NA,Prymnesiophyceae,NA,Prymnesiales,Prymnesiaceae,Prymnesium
Psammothidium,1.113943352,2.089032123,1.964730921,3.150449409,0.419434025,296,NA,1,590852,Genus,Chromista,Chromista,NA,Bacillariophyta,NA,NA,Bacillariophyceae,NA,Achnanthales,Achnanthaceae,Psammothidium
Pseudanabaena,-0.040958608,1.312930858,1.193124598,2.84509804,0.717058289,760,4.210272327,7,1175,Genus,Monera,NA,NA,NA,NA,Cyanophycota,Cyanophyceae,NA,Nostocales,Nostocaceae,Pseudanabaena
Pseudopedinella,1.356547324,2.002040014,2.050749436,2.62316244,0.238173125,964,NA,1,1787,Genus,Chromista,Chromista,NA,Chrysophyta,NA,NA,Chrysophyceae,NA,Chromalinales,Pedinellaceae,Pseudopedinella
Pseudosphaerocystis,1.150449409,3.034210144,3.03066882,3.808479707,0.311907265,257,1,2,9183,Genus,Plantae,Viridaeplantae,Chlorophyta,Chlorophyta,Chlorophytina,NA,Chlorophyceae,NA,Tetrasporales,Palmellopsidaceae,Pseudosphaerocystis
Pseudostaurosira,1.025305865,2.023737151,2.181843588,2.660865478,0.421228066,483,NA,1,590851,Genus,Chromista,Chromista,NA,Bacillariophyta,NA,NA,Fragilariophyceae,NA,Fragilariales,Fragilariaceae,Pseudostaurosira
Pteromonas,1.683947131,2.563743221,2.47516434,3.483892815,0.541213593,35,NA,2,5626,Genus,Plantae,Viridaeplantae,Chlorophyta,Chlorophyta,Chlorophytina,NA,Chlorophyceae,NA,Volvocales,Phacotaceae,Pteromonas
Pyramichlamys,2.392661786,2.600076108,2.622088588,2.781310084,0.083714087,130,1,3,5520,Genus,Plantae,Viridaeplantae,Chlorophyta,Chlorophyta,Chlorophytina,NA,Chlorophyceae,NA,Volvocales,Chlamydomonadaceae,Pyramichlamys
Pyramimonas,1.185258765,2.185813871,2.175509669,3.268253858,0.557586419,24,1,5,9535,Genus,Plantae,Viridaeplantae,Chlorophyta,Chlorophyta,Chlorophytina,NA,Pyramimonadophyceae,NA,Pyramimonadales,Polyblepharidaceae,Pyramimonas
Pyrophacus,3.746266683,3.927016994,3.912818602,4.15036248,0.14418622,5,1,1,10161,Genus,Chromista,Chromista,NA,Pyrrophycophyta,NA,NA,Dinophyceae,NA,Gonyaulacales,Pyrophacaceae,Pyrophacus
Quadrigula,0.876217841,2.227295902,2.096910013,3.201397124,0.497544036,544,1.692721805,6,5938,Genus,Plantae,Viridaeplantae,Chlorophyta,Chlorophyta,Chlorophytina,NA,Trebouxiophyceae,NA,Oocystales,Oocystaceae,Quadrigula
Radiococcus,2.25428215,2.540955935,2.581505926,2.718775631,0.176219313,30,1,1,5911,Genus,Plantae,Viridaeplantae,Chlorophyta,Chlorophyta,Chlorophytina,NA,Trebouxiophyceae,NA,Oocystales,Oocystaceae,Radiococcus
Radiocystis,2.396298062,2.899106915,2.894869657,3.423245874,0.226848401,102,NA,1,833,Genus,Monera,NA,NA,NA,NA,Cyanophycota,Cyanophyceae,NA,Chroococcales,Entophysalidaceae,Radiocystis
Raphidiopsis,0.59439255,0.864444461,0.59439255,1.336459734,0.373081085,8,1,2,1290,Genus,Monera,NA,NA,NA,NA,Cyanophycota,Cyanophyceae,NA,Nostocales,Rivulariaceae,Raphidiopsis
Reimeria,1.495544338,2.253797783,2.267171728,2.905256049,0.22958507,993,1,3,193817,Genus,Chromista,Chromista,NA,Bacillariophyta,NA,NA,Bacillariophyceae,NA,Cymbellales,Gomphonemataceae,Reimeria
Rhabdoderma,1.06069784,1.59604823,1.601275043,2.324282455,0.296545142,55,38.052,4,805,Genus,Monera,NA,NA,NA,NA,Cyanophycota,Cyanophyceae,NA,Chroococcales,Chroococcaceae,Rhabdoderma
Rhabdomonas,2.596597096,3.042328826,3.121669252,3.599063906,0.217099335,33,NA,1,9805,Genus,Protozoa,NA,NA,NA,NA,Euglenophycota,Euglenophyceae,NA,Rhabdomonadales,Rhabdomonaceae,Rhabdomonas
Rhaphoneis,3.875061263,3.907263316,3.903089987,3.966141733,0.030756317,13,NA,1,3145,Genus,Chromista,Chromista,NA,Bacillariophyta,NA,NA,Fragilariophyceae,NA,Rhaphoneidales,Rhaphoneidaceae,Rhaphoneis
Rhizochrysis,1.991727474,2.027597909,1.999651309,2.086464988,0.039437345,7,NA,1,1821,Genus,Chromista,Chromista,NA,Chrysophyta,NA,NA,Chrysophyceae,NA,Rhizochrysidales,Rhizochrysidaceae,Rhizochrysis
Rhizoclonium,3.451391862,3.896088335,3.451391862,4.614327622,0.559772682,7,1,2,6853,Genus,Plantae,Viridaeplantae,Chlorophyta,Chlorophyta,Chlorophytina,NA,Ulvophyceae,NA,Cladophorales,Cladophoraceae,Rhizoclonium
Rhizosolenia,1.521433504,2.249713007,2.342422681,3.46912069,0.405750843,157,1,3,2879,Genus,Chromista,Chromista,NA,Bacillariophyta,NA,NA,Coscinodiscophyceae,NA,Rhizosoleniales,Rhizosoleniaceae,Rhizosolenia
Rhodomonas,1.149834697,2.068902527,2.086500326,2.803449175,0.340364327,7099,1,6,10663,Genus,Chromista,Chromista,NA,Cryptophycophyta,NA,NA,Cryptophyceae,NA,Cryptomonadales,Cryptomonadaceae,Rhodomonas
Rhoicosphenia,1.837588438,2.61813746,2.62324929,3.376668186,0.267317075,1827,1.005714286,5,3633,Genus,Chromista,Chromista,NA,Bacillariophyta,NA,NA,Bacillariophyceae,NA,Cymbellales,Rhoicospheniaceae,Rhoicosphenia
Rhopalodia,2.275311355,3.477810035,3.559906625,4.350906716,0.438178986,157,1,4,5024,Genus,Chromista,Chromista,NA,Bacillariophyta,NA,NA,Bacillariophyceae,NA,Rhopalodiales,Rhopalodiaceae,Rhopalodia
Rivularia,1.089905111,1.089905111,1.089905111,1.089905111,NA,1,NA,1,1274,Genus,Monera,NA,NA,NA,NA,Cyanophycota,Cyanophyceae,NA,Nostocales,Rivulariaceae,Rivularia
Romeria,1.576456532,1.576456532,1.576456532,1.576456532,NA,1,16,1,1078,Genus,Monera,NA,NA,NA,NA,Cyanophycota,Cyanophyceae,NA,Nostocales,Oscillatoriaceae,Romeria
Rossithidium,1.380211242,1.986511639,2.025305865,2.62324929,0.270751691,81,NA,1,590850,Genus,Chromista,Chromista,NA,Bacillariophyta,NA,NA,Bacillariophyceae,NA,Achnanthales,Achnanthaceae,Rossithidium
Salpingella,1.77815125,2.506788863,2.565847819,3.255272505,0.352825682,507,1,1,46759,Genus,Protozoa,NA,NA,NA,NA,Ciliophora,Ciliatea,Spirotricha,Oligotrichida,Tintinnidae,Salpingella
Salpingoeca,1.538546496,1.638026569,1.633546905,1.771414266,0.038709423,152,NA,1,13734,Genus,Protozoa,NA,NA,NA,NA,Craspedophyta,Craspedophyceae,NA,Craspedomonadales,Salpingoecaceae,Salpingoeca
Scenedesmus,0.13430394,2.400498879,2.477121255,4.104487111,0.642054969,5630,1.633487298,7,6104,Genus,Plantae,Viridaeplantae,Chlorophyta,Chlorophyta,Chlorophytina,NA,Chlorophyceae,NA,Sphaeropleales,Scenedesmaceae,Scenedesmus
Schizochlamys,2.103530063,2.958050372,2.946678197,3.981715795,0.495505622,41,15.21707317,1,9198,Genus,Plantae,Viridaeplantae,Chlorophyta,Chlorophyta,Chlorophytina,NA,Chlorophyceae,NA,Tetrasporales,Tetrasporaceae,Schizochlamys
Schizomeris,2.113943352,4.158322143,4.887965946,4.996590468,1.334623124,7,NA,1,6679,Genus,Plantae,Viridaeplantae,Chlorophyta,Chlorophyta,Chlorophytina,NA,Chlorophyceae,NA,Chaetophorales,Chaetophoraceae,Schizomeris
Schizothrix,0.309630167,0.909171334,0.894869657,1.579783597,0.336772991,21,NA,1,1032,Genus,Monera,NA,NA,NA,NA,Cyanophycota,Cyanophyceae,NA,Nostocales,Oscillatoriaceae,Schizothrix
Schroederia,0.696268997,1.463417496,1.348315574,2.843500625,0.419184886,638,1.004911591,7,5656,Genus,Plantae,Viridaeplantae,Chlorophyta,Chlorophyta,Chlorophytina,NA,Chlorophyceae,NA,Chlorococcales,Chlorococcaceae,Schroederia
Scourfieldia,1.139661993,1.399403497,1.427360703,2.462397998,0.243152087,801,1,2,5561,Genus,Plantae,Viridaeplantae,Chlorophyta,Chlorophyta,Chlorophytina,NA,Chlorophyceae,NA,Volvocales,Chlamydomonadaceae,Scourfieldia
Scrippsiella,2.752424929,3.147999693,3.138128946,3.486154086,0.201517519,27,1,1,10536,Genus,Chromista,Chromista,NA,Pyrrophycophyta,NA,NA,Dinophyceae,NA,Gonyaulacales,Calciodinellaceae,Scrippsiella
Scytonema,1.10720997,1.532132681,1.604226053,1.897627091,0.292773262,15,NA,1,1348,Genus,Monera,NA,NA,NA,NA,Cyanophycota,Cyanophyceae,NA,Nostocales,Scytonemataceae,Scytonema
Selenastrum,0.749774952,1.620134549,1.548143637,3.201852121,0.367655484,543,1.028037383,7,6249,Genus,Plantae,Viridaeplantae,Chlorophyta,Chlorophyta,Chlorophytina,NA,Chlorophyceae,NA,Sphaeropleales,Scenedesmaceae,Selenastrum
Sellaphora,1.049218023,2.257649152,2.277607703,4.250468797,0.568917406,1090,1,3,590842,Genus,Chromista,Chromista,NA,Bacillariophyta,NA,NA,Bacillariophyceae,NA,Naviculales,Sellaphoraceae,Sellaphora
Skeletonema,1.451786436,2.266329909,2.275080898,3.65529214,0.394883995,442,1.022075166,6,2401,Genus,Chromista,Chromista,NA,Bacillariophyta,NA,NA,Coscinodiscophyceae,NA,Thalassiosirales,Skeletonemaceae,Skeletonema
Sorastrum,1.401400541,1.83367909,1.918554531,2.204119983,0.35695305,5,NA,1,6088,Genus,Plantae,Viridaeplantae,Chlorophyta,Chlorophyta,Chlorophytina,NA,Chlorophyceae,NA,Sphaeropleales,Hydrodictyaceae,Sorastrum
Spermatozopsis,0.57632983,1.722349769,1.733027914,2.72427587,0.504634825,70,1,4,9553,Genus,Plantae,Viridaeplantae,Chlorophyta,Chlorophyta,Chlorophytina,NA,Pyramimonadophyceae,NA,Pyramimonadales,Polyblepharidaceae,Spermatozopsis
Sphaerellopsis,2.113943352,2.94394476,3.073064018,3.72427587,0.503074786,22,NA,1,5558,Genus,Plantae,Viridaeplantae,Chlorophyta,Chlorophyta,Chlorophytina,NA,Chlorophyceae,NA,Volvocales,Chlamydomonadaceae,Sphaerellopsis
Sphaerocystis,1.994976674,2.817339375,2.901741583,3.632562563,0.367680643,1161,11.97378664,7,9169,Genus,Plantae,Viridaeplantae,Chlorophyta,Chlorophyta,Chlorophytina,NA,Chlorophyceae,NA,Tetrasporales,Palmellopsidaceae,Sphaerocystis
Spiniferomonas,1.552841969,2.024091852,1.998043086,2.553276046,0.226867402,1286,NA,1,1667,Genus,Chromista,Chromista,NA,Chrysophyta,NA,NA,Chrysophyceae,NA,Ochromonadales,Synuraceae,Spiniferomonas
Spirogyra,2.84509804,4.495839729,4.525951341,5.766608384,0.709274189,87,1,4,6996,Genus,Plantae,Viridaeplantae,Streptophyta,Charophyta,Conjugophytina,NA,Conjugophyceae,NA,Zygnematales,Zygnemataceae,Spirogyra
Spirulina,0.238046103,1.22998748,1.496929648,2.052470775,0.505654608,45,3,4,1053,Genus,Monera,NA,NA,NA,NA,Cyanophycota,Cyanophyceae,NA,Nostocales,Oscillatoriaceae,Spirulina
Spondylosium,2.444044796,2.904674543,2.865301426,3.204119983,0.169951031,135,NA,2,8468,Genus,Plantae,Viridaeplantae,Streptophyta,Charophyta,Conjugophytina,NA,Conjugophyceae,NA,Zygnematales,Desmidiaceae,Spondylosium
Staurastrum,1.797959644,3.367816178,3.476517649,4.883530843,0.419423427,2005,1.032258065,7,7440,Genus,Plantae,Viridaeplantae,Streptophyta,Charophyta,Conjugophytina,NA,Conjugophyceae,NA,Zygnematales,Desmidiaceae,Staurastrum
Staurodesmus,2.380211242,3.131898998,3.204119983,4.290902333,0.33355932,577,NA,2,7182,Genus,Plantae,Viridaeplantae,Streptophyta,Charophyta,Conjugophytina,NA,Conjugophyceae,NA,Zygnematales,Desmidiaceae,Staurodesmus
Stauroneis,0.804820679,2.821855454,2.602059991,4.745316867,0.901549964,324,1,3,4127,Genus,Chromista,Chromista,NA,Bacillariophyta,NA,NA,Bacillariophyceae,NA,Naviculales,Stauroneidaceae,Stauroneis
Staurosira,1.326335861,1.984844135,2.017033339,2.7355989,0.295976973,1618,1.298974359,6,590848,Genus,Chromista,Chromista,NA,Bacillariophyta,NA,NA,Fragilariophyceae,NA,Fragilariales,Fragilariaceae,Staurosira
Staurosirella,1.274157849,2.055653788,2.004321374,3.286231854,0.40089039,722,1.4,6,590855,Genus,Chromista,Chromista,NA,Bacillariophyta,NA,NA,Fragilariophyceae,NA,Fragilariales,Fragilariaceae,Staurosirella
Stelexomonas,1.638857912,1.912128645,1.851038662,2.267171728,0.176212231,293,NA,1,13738,Genus,Protozoa,NA,NA,NA,NA,Craspedophyta,Craspedophyceae,NA,Craspedomonadales,Salpingoecaceae,Stelexomonas
Stenocalyx,1.273695588,1.461010128,1.518762179,1.522878745,0.106144536,25,1,2,1776,Genus,Chromista,Chromista,NA,Chrysophyta,NA,NA,Chrysophyceae,NA,Chromalinales,Chrysococcaceae,Stenocalyx
Stenopterobia,2.037426498,3.003571104,2.84509804,3.658011397,0.422278393,55,1,3,1087,Genus,Chromista,Chromista,NA,Bacillariophyta,NA,NA,Bacillariophyceae,NA,Surirellales,Surirellaceae,Stenopterobia
Stephanodiscus,1.212187604,2.887673995,2.783388844,5.189522709,0.690045115,2752,1.002531646,7,2415,Genus,Chromista,Chromista,NA,Bacillariophyta,NA,NA,Coscinodiscophyceae,NA,Thalassiosirales,Stephanodiscaceae,Stephanodiscus
Stichococcus,0.406965751,1.080146079,0.849333406,2.761160759,0.511825696,49,1,4,6411,Genus,Plantae,Viridaeplantae,Chlorophyta,Chlorophyta,Chlorophytina,NA,Ulvophyceae,NA,Ulotrichales,Ulotrichaceae,Stichococcus
Stichogloea,1.844923238,2.202937463,2.060687985,2.625456506,0.200266388,436,1.720689655,2,1879,Genus,Chromista,Chromista,NA,Chrysophyta,NA,NA,Chrysophyceae,NA,Chrysosphaerales,Stichogloeaceae,Stichogloea
Stichosiphon,1.679427897,1.679427897,1.679427897,1.679427897,NA,1,NA,1,844,Genus,Monera,NA,NA,NA,NA,Cyanophycota,Cyanophyceae,NA,Chamaesiphonales,Dermocarpaceae,Stichosiphon
Stigeoclonium,1.004321374,2.208864458,2.235528447,3.464756242,0.650353893,181,1,2,6651,Genus,Plantae,Viridaeplantae,Chlorophyta,Chlorophyta,Chlorophytina,NA,Chlorophyceae,NA,Chaetophorales,Chaetophoraceae,Stigeoclonium
Stigonema,2.46686762,3.864897592,3.928549467,4.363781153,0.432364233,17,NA,1,1390,Genus,Monera,NA,NA,NA,NA,Cyanophycota,Cyanophyceae,NA,Stigonematales,Stigonemataceae,Stigonema
Stipitococcus,1.940516485,1.992641222,1.969390912,2.075546961,0.057214083,6,NA,1,2124,Genus,Chromista,Chromista,NA,Xanthophyta,NA,NA,Xanthophyceae,NA,Rhizochloridales,Stipitococcaceae,Stipitococcus
Stokesiella,1.844713753,2.048027886,2.129930682,2.169439223,0.177179877,3,NA,1,16258,Genus,Plantae,Viridaeplantae,Streptophyta,Bryophyta,Bryophytina,NA,Bryopsida,Bryidae,Hypnales,Brachytheciaceae,Stokesiella
Strombomonas,3,3.623280987,3.698970004,4.132771829,0.237581718,51,1,3,9740,Genus,Protozoa,NA,NA,NA,NA,Euglenophycota,Euglenophyceae,NA,Euglenales,Euglenaceae,Strombomonas
Surirella,2.238046103,3.175156712,3.100025593,5.358313737,0.533051713,704,1,6,5331,Genus,Chromista,Chromista,NA,Bacillariophyta,NA,NA,Bacillariophyceae,NA,Surirellales,Surirellaceae,Surirella
Symploca,0.73479983,0.73479983,0.73479983,0.73479983,NA,1,NA,1,1069,Genus,Monera,NA,NA,NA,NA,Cyanophycota,Cyanophyceae,NA,Nostocales,Oscillatoriaceae,Symploca
Syncrypta,2.158362492,2.786275716,2.932077478,3.376576957,0.310406526,42,1,2,1479,Genus,Chromista,Chromista,NA,Chrysophyta,NA,NA,Chrysophyceae,NA,Ochromonadales,Ochromonadaceae,Syncrypta
Synechococcus,-0.494850022,-0.129396494,-0.395665927,1.450141291,0.34336772,732,1.035353535,5,773,Genus,Monera,NA,NA,NA,NA,Cyanophycota,Cyanophyceae,NA,Chroococcales,Chroococcaceae,Synechococcus
Synechocystis,-0.420216403,0.543926614,0.247973266,1.665450589,0.516979005,647,1,4,799,Genus,Monera,NA,NA,NA,NA,Cyanophycota,Cyanophyceae,NA,Chroococcales,Chroococcaceae,Synechocystis
Synedra,1.62324929,2.978206661,3.034227075,4.352182518,0.653255854,1966,1.017391304,6,3013,Genus,Chromista,Chromista,NA,Bacillariophyta,NA,NA,Fragilariophyceae,NA,Fragilariales,Fragilariaceae,Synedra
Synura,2.171653686,2.719089522,2.68063365,3.40784739,0.279289657,1051,1,6,1655,Genus,Chromista,Chromista,NA,Chrysophyta,NA,NA,Chrysophyceae,NA,Ochromonadales,Synuraceae,Synura
Tabellaria,2.06069784,2.930491864,3.021189299,3.808885867,0.397684998,3301,1.030508475,7,3241,Genus,Chromista,Chromista,NA,Bacillariophyta,NA,NA,Fragilariophyceae,NA,Tabellariales,Tabellariaceae,Tabellaria
Tabularia,1.77815125,2.908817859,3.079181246,3.522444234,0.475770392,122,1,2,590846,Genus,Chromista,Chromista,NA,Bacillariophyta,NA,NA,Fragilariophyceae,NA,Fragilariales,Fragilariaceae,Tabularia
Teilingia,2,2.423659059,2.378370855,3.133995316,0.34552321,128,1.3125,5,7248,Genus,Plantae,Viridaeplantae,Streptophyta,Charophyta,Conjugophytina,NA,Conjugophyceae,NA,Zygnematales,Zygnemataceae,Teilingia
Terpsinoe,4.369189502,4.915804992,4.732699267,5.824764201,0.469833383,9,1,2,2737,Genus,Chromista,Chromista,NA,Bacillariophyta,NA,NA,Coscinodiscophyceae,NA,Biddulphiales,Biddulphiaceae,Terpsinoe
Tetmemorus,4.512203952,4.91773069,5.091695089,5.149293029,0.352375271,3,NA,1,8483,Genus,Plantae,Viridaeplantae,Streptophyta,Charophyta,Conjugophytina,NA,Conjugophyceae,NA,Zygnematales,Desmidiaceae,Tetmemorus
Tetraedron,1.204119983,2.165320579,2.161368002,3.401400541,0.408872634,1516,1,7,5661,Genus,Plantae,Viridaeplantae,Chlorophyta,Chlorophyta,Chlorophytina,NA,Chlorophyceae,NA,Chlorococcales,Chlorococcaceae,Tetraedron
Tetraselmis,2.742725131,2.748665146,2.746634199,2.756636108,0.007174425,3,NA,1,9560,Genus,Plantae,Viridaeplantae,Chlorophyta,Chlorophyta,Chlorophytina,NA,Chlorodendrophyceae,NA,Chlorodendrales,Platymonadaceae,Tetraselmis
Tetraspora,2.552668216,3.016743306,3.176525771,3.32103593,0.408344295,3,NA,2,9187,Genus,Plantae,Viridaeplantae,Chlorophyta,Chlorophyta,Chlorophytina,NA,Chlorophyceae,NA,Tetrasporales,Tetrasporaceae,Tetraspora
Tetrastrum,1.274157849,2.098096721,2.115197986,3.025305865,0.411148755,385,1.551401869,7,6260,Genus,Plantae,Viridaeplantae,Chlorophyta,Chlorophyta,Chlorophytina,NA,Chlorophyceae,NA,Sphaeropleales,Scenedesmaceae,Tetrastrum
Thalassionema,2.161368002,2.603610179,2.638447941,2.793790385,0.162370621,60,NA,1,3138,Genus,Chromista,Chromista,NA,Bacillariophyta,NA,NA,Fragilariophyceae,NA,Thalassionematales,Thalassionemataceae,Thalassionema
Thalassiosira,0.558708571,2.713848568,2.479200881,4.94682494,1.062950368,1321,1,4,2484,Genus,Chromista,Chromista,NA,Bacillariophyta,NA,NA,Coscinodiscophyceae,NA,Thalassiosirales,Thalassiosiraceae,Thalassiosira
Tolypothrix,2.204119983,2.626319618,2.673020907,2.990338855,0.231971788,9,NA,1,1330,Genus,Monera,NA,NA,NA,NA,Cyanophycota,Cyanophyceae,NA,Nostocales,Scytonemataceae,Tolypothrix
Trachelomonas,2.096179785,3.260577682,3.2670979,4.514375063,0.430570207,1123,1,5,9690,Genus,Protozoa,NA,NA,NA,NA,Euglenophycota,Euglenophyceae,NA,Euglenales,Euglenaceae,Trachelomonas
Treubaria,1.629328034,2.32514449,2.172487135,3.122215878,0.349458119,147,1,4,5919,Genus,Plantae,Viridaeplantae,Chlorophyta,Chlorophyta,Chlorophytina,NA,Trebouxiophyceae,NA,Oocystales,Oocystaceae,Treubaria
Tribonema,2.100370545,2.778812808,2.283579266,4.157570634,0.666787591,29,NA,3,2053,Genus,Chromista,Chromista,NA,Xanthophyta,NA,NA,Xanthophyceae,NA,Tribonematales,Tribonemataceae,Tribonema
Triceratium,2.926213786,3.617835796,3.656213645,4.35757755,0.444435804,14,1,1,2739,Genus,Chromista,Chromista,NA,Bacillariophyta,NA,NA,Coscinodiscophyceae,NA,Triceratiales,Triceratiaceae,Triceratium
Trochiscia,3.62186873,3.62186873,3.62186873,3.62186873,NA,1,1,1,5950,Genus,Plantae,Viridaeplantae,Chlorophyta,Chlorophyta,Chlorophytina,NA,Trebouxiophyceae,NA,Oocystales,Oocystaceae,Trochiscia
Tryblionella,1.201397124,3.162244996,3.244151944,4.829303773,0.744301797,390,1,2,590844,Genus,Chromista,Chromista,NA,Bacillariophyta,NA,NA,Bacillariophyceae,NA,Bacillariales,Bacillariaceae,Tryblionella
Ulothrix,2.051692642,3.46333875,3.424064525,4.660419576,0.733122761,24,4.636363636,5,6417,Genus,Plantae,Viridaeplantae,Chlorophyta,Chlorophyta,Chlorophytina,NA,Ulvophyceae,NA,Ulotrichales,Ulotrichaceae,Ulothrix
Ulva,2.451786436,2.516355706,2.516355706,2.580924976,0.091314737,2,NA,1,6559,Genus,Plantae,Viridaeplantae,Chlorophyta,Chlorophyta,Chlorophytina,NA,Ulvophyceae,NA,Ulvales,Ulvaceae,Ulva
Uroglena,1.577535457,2.140144025,2.02177432,2.870402544,0.280056147,1591,1.068421053,4,1483,Genus,Chromista,Chromista,NA,Chrysophyta,NA,NA,Chrysophyceae,NA,Ochromonadales,Ochromonadaceae,Uroglena
Uronema,1.828659897,2.345506191,2.354108439,2.909020854,0.249969719,184,NA,1,6440,Genus,Plantae,Viridaeplantae,Chlorophyta,Chlorophyta,Chlorophytina,NA,Chlorophyceae,NA,Chaetophorales,Chaetophoraceae,Uronema
Urosolenia,1.652809427,2.564025876,2.551245438,3.56937391,0.502442214,1542,1,4,590843,Genus,Chromista,Chromista,NA,Bacillariophyta,NA,NA,Coscinodiscophyceae,NA,Rhizosoleniales,Rhizosoleniaceae,Urosolenia
Vacuolaria,3.722222464,3.722222464,3.722222464,3.722222464,NA,1,NA,1,10595,Genus,Chromista,Chromista,NA,Pyrrophycophyta,NA,NA,Chloromonadophyceae,NA,Chloromonadales,Vacuolariaceae,Vacuolaria
Vaucheria,5.759747899,5.759747899,5.759747899,5.759747899,NA,1,NA,1,2084,Genus,Chromista,Chromista,NA,Xanthophyta,NA,NA,Xanthophyceae,NA,Vaucheriales,Vaucheriaceae,Vaucheria
Volvox,0.622214023,2.39836841,1.531478917,5.122215878,1.718361503,19,1,3,5582,Genus,Plantae,Viridaeplantae,Chlorophyta,Chlorophyta,Chlorophytina,NA,Chlorophyceae,NA,Volvocales,Volvocaceae,Volvox
Warnowia,2.982872495,3.362422855,3.406705351,3.713315782,0.209245686,35,1,1,10130,Genus,Chromista,Chromista,NA,Pyrrophycophyta,NA,NA,Dinophyceae,NA,Gymnodiniales,Warnowiaceae,Warnowia
Westella,2.397940009,2.576383134,2.610127613,2.611924151,0.076849978,13,NA,1,5969,Genus,Plantae,Viridaeplantae,Chlorophyta,Chlorophyta,Chlorophytina,NA,Trebouxiophyceae,NA,Oocystales,Oocystaceae,Westella
Woloszynskia,3.002300003,3.61777864,3.597520775,4.160913702,0.249547116,225,1,1,10123,Genus,Chromista,Chromista,NA,Pyrrophycophyta,NA,NA,Dinophyceae,NA,Lophodiniales,Lophodiniaceae,Woloszynskia
Xanthidium,3.380211242,4.190332519,4.176091259,4.695092349,0.418397476,34,NA,2,8313,Genus,Plantae,Viridaeplantae,Streptophyta,Charophyta,Conjugophytina,NA,Conjugophyceae,NA,Zygnematales,Desmidiaceae,Xanthidium
Xenococcus,1.008600172,1.420050385,1.317087436,2.037426498,0.453983474,4,NA,1,1438,Genus,Monera,NA,NA,NA,NA,Cyanophycota,Cyanophyceae,NA,Pleurocapsales,Pleurocapsaceae,Xenococcus
Zygnema,3.05422991,3.870801446,3.645324002,5.042347084,0.692155755,23,28,2,7100,Genus,Plantae,Viridaeplantae,Streptophyta,Charophyta,Conjugophytina,NA,Conjugophyceae,NA,Zygnematales,Zygnemataceae,Zygnema
